review,source,category,rating,generator_model,label,ai_probability,predicted_label,predicted_class
"The public beach area was littered with plastic bottles and cigarette butts, and the public changing restrooms had no running water or soap. Overpriced parking fees for a poorly maintained recreation area.",TripAdvisor,Beaches,1,Gemini,1,0.00028257936,0,Human
"The natural history museum dinosaur hall had impressive skeleton mounts and interactive paleontology fossil dig tables for kids. Clean, spacious layout that handled large weekend crowds easily.",TripAdvisor,Museums,5,Gemini,1,1.7839335e-05,0,Human
"This rechargeable flashlight is bright on high mode, but the battery drops to low within twenty minutes. The USB rubber dust cover fell off on day two.",Amazon,Tools & Home Improvement,2,Gemini,1,0.00044433863,0,Human
"The silicone baking cups work well for muffins and clean up easily in the dishwasher, though they are slightly floppier than expected when filling with runny batter.",Amazon,Bakeware,4,Gemini,1,0.005408054,0,Human
"The screen magnifier for smartphones produced noticeable chromatic distortion around the lens perimeter, causing eye strain after ten minutes of video viewing.",Amazon,Cell Phones,1,Gemini,1,8.22081e-05,0,Human
"The meditation app has soothing voices, but the ending bell chimes at maximum volume regardless of system audio slider levels, ruining the relaxation.",GooglePlay,Health & Fitness,2,Gemini,1,6.4461936e-05,0,Human
"The historic fort ruins offered nice ocean views, but there were almost no informational plaques explaining the architecture, and the visitor center gift shop was overpriced.",TripAdvisor,Historic Sites,2,Gemini,1,0.000327673,0,Human
"The recipe collection app imports recipes from web URLs accurately without copying clutter. The grocery checklist auto-organizes by aisle, though ingredient scaling has minor rounding quirks.",GooglePlay,Food & Drink,4,Gemini,1,0.00022822428,0,Human
"Showed up for a scheduled 10 AM oil change appointment and was told their bay lift was broken and they could not take my vehicle until the afternoon. No phone call ahead of time to let me know, wasting my Saturday morning commute.",Yelp,Auto Repair,1,Gemini,1,0.047016647,0,Human
The coastal hiking path follows dramatic cliffs overlooking turquoise waters. The trail is well marked with timber bridges over stream crossings. Spectacular ocean vistas around every bend with benches for resting.,TripAdvisor,Parks,5,Gemini,1,0.00010137228,0,Human
The video editor app crashes during rendering whenever exporting 1080p clips longer than three minutes. Corrupted two project timelines permanently.,GooglePlay,Video Players,1,Gemini,1,0.0006825917,0,Human
"These wool trekking socks provided plush cushioning and blister-free comfort on a fourteen-mile mountain hike. They wick moisture effectively, regulate foot temperature, and hold elasticity after multiple washes.",Amazon,Apparel,5,Gemini,1,0.0003307037,0,Human
The cloud storage backup client constantly stalls during video uploads and consumes excessive background battery. Trying to download multiple photo files simultaneously results in network timeout error codes.,GooglePlay,Productivity,1,Gemini,1,3.966831e-06,0,Human
"The nail salon technician used unsterilized nail clippers taken from an open drawer, and cut my cuticle so deeply that it bled. The gel polish peeled off within twenty-four hours.",Yelp,Nail Salons,1,Gemini,1,0.008737768,0,Human
The public beach restrooms were filthy with overflowing trash bins and no running water in the sinks. The beach sand itself was covered in plastic litter.,TripAdvisor,Beaches,1,Gemini,1,1.1227729e-06,0,Human
"The casual puzzle game has pleasant graphics and relaxing background music. Gameplay is enjoyable for brief commutes, though banner ads appear between every few levels.",GooglePlay,Games,3,Gemini,1,0.0025870344,0,Human
"The natural history museum dinosaur exhibit was impressive, but the interactive touchscreens in the fossil hall were non-functional and greasy with fingerprints.",TripAdvisor,Museums,3,Gemini,1,0.00037357924,0,Human
This ceramic sharpening stone flattened and honed my woodworking chisels to a razor edge. The non-slip rubber base held steady on the workbench.,Amazon,Tools,5,Gemini,1,0.00024313989,0,Human
"These wool hiking socks cushioned my feet well on a ten-mile rocky hike without bunching or blisters. They washed well in cold water, though they take a full day to air dry.",Amazon,Apparel,4,Gemini,1,0.023971371,0,Human
"The shopping list app syncs between paired devices, but checked-off items occasionally reappear on the list minutes later while shopping at the supermarket.",GooglePlay,Shopping,2,Gemini,1,2.3457085e-05,0,Human
"The cave tour was an interesting forty-minute walk along paved paths. Formations are nice, though the guide moved the group along quite briskly.",TripAdvisor,Caves,3,Gemini,1,2.9722309e-05,0,Human
The self-guided walking tour app audio synced accurately with GPS coordinates as we explored the old fortified city walls. Allowed us to explore at our own pace without having to follow a large tour umbrella group.,TripAdvisor,Self-Guided Tours,4,Gemini,1,0.0010270722,0,Human
"The bed and breakfast was charming with cozy antique furnishings. The room was clean, though the en-suite bathroom was quite compact with a narrow shower stall.",TripAdvisor,Bed & Breakfast,3,Gemini,1,2.2331464e-05,0,Human
The parcel tracking app consolidates delivery timelines across multiple major carriers with reliable push notifications. The timeline UI is clean and easy to scan.,GooglePlay,Shopping,4,Gemini,1,0.00023436476,0,Human
"The dog nail grinder motor is quiet enough not to scare my puppy, but the diamond drum head wears down slowly on thick adult dog nails.",Amazon,Pet Supplies,3,Gemini,1,2.522578e-05,0,Human
"The historic canal narrowboat tour drifted peacefully past old brick warehouses and weeping willows. The skipper negotiated the manual hand-cranked locks with precision, explaining the industrial waterway history along the route.",TripAdvisor,Boat Tours,4,Gemini,1,5.091041e-05,0,Human
The dental clinic is clean with modern equipment. The hygienist was gentle during scaling and Dr. Alvarez explained preventive care clearly. Front desk handled appointment scheduling promptly.,Yelp,Dentists,4,Gemini,1,0.0005566446,0,Human
The magnetic dry erase board hangs easily on our refrigerator and markers wipe clean without ghosting. The included magnetic pens have somewhat faint black ink.,Amazon,Office Supplies,3,Gemini,1,4.980569e-05,0,Human
This compact air fryer crisps up frozen french fries and chicken tenders in twelve minutes with minimal cleanup. The basket non-stick coating has held up well through dozens of dishwasher cycles.,Amazon,Kitchen Appliances,5,Gemini,1,0.00011977697,0,Human
"The room was tiny with barely enough clearance to open a standard suitcase on the floor, and the window faced a brick ventilation shaft. The bathroom was clean and the shower pressure was strong, but for the price per night in the city center, we expected a bit more breathing room.",TripAdvisor,Hotels,2,Gemini,1,0.004962966,0,Human
This heavy-duty ratcheting tie-down strap set secured our two kayaks firmly on the roof rack during a five-hour highway trip. The rubber-coated hooks protect car paint and the release lever operates smoothly.,Amazon,Automotive,5,Gemini,1,0.00075091055,0,Human
The dog nail grinder motor stalled every time it touched my terrier's claw. The diamond drum bit wobbled off-center and caused painful vibration that frightened my dog.,Amazon,Pet Supplies,1,Gemini,1,7.754373e-05,0,Human
"Checked into our hotel room to find unemptied trash cans in the bathroom and hairs on the bed sheets. When we asked the front desk for a room change, the clerk rolled her eyes and claimed they were fully booked before reluctantly sending housekeeping.",TripAdvisor,Hotels,1,Gemini,1,0.026641425,0,Human
This white noise sleep app has seamless looping rain and campfire sounds without noticeable audio cuts. The sleep timer fades audio volume out gently over thirty minutes.,GooglePlay,Health & Fitness,5,Gemini,1,1.70145e-06,0,Human
"The dim sum cart selection was extensive with hot har gow and crispy siu mai. Service was quick and efficient, though the dining hall can feel chaotic during Sunday noon rush hours with long waits for larger table groups.",Yelp,Dim Sum,4,Gemini,1,3.410115e-05,0,Human
These glass meal prep containers seal tightly with four-latch snap lids and reheat food in the microwave without warping. They stack securely inside my refrigerator.,Amazon,Kitchen Storage,5,Gemini,1,0.0022157624,0,Human
"The resort pool had plenty of lounge chairs, but the water was freezing and the poolside snack bar ran out of bottled water and fruit by 1 PM.",TripAdvisor,Resorts,2,Gemini,1,1.5163291e-06,0,Human
"The chicken shawarma plate had dry meat that sat too long on the spit, though the garlic sauce and pickled turnip sides were fresh and flavorful.",Yelp,Middle Eastern,3,Gemini,1,2.1043777e-05,0,Human
The mountain lodge had comfortable rooms with pine timber furnishings and a cozy stone fireplace in the main lobby. The complimentary afternoon hot cider was a nice touch after hiking.,TripAdvisor,Lodges,4,Gemini,1,0.00013796592,0,Human
The app forces a full-screen unskippable thirty-second video advertisement after every single puzzle level. Even clicking to mute the background audio in settings does not silence the ads. Uninstalled after ten minutes.,GooglePlay,Games,1,Gemini,1,0.0036475984,0,Human
The acoustic foam soundproofing tiles arrived vacuum-compressed and several corners never expanded to full thickness even after forty-eight hours of airing out and water soaking. The adhesive backing also peeled paint off the drywall.,Amazon,Musical Instruments,1,Gemini,1,0.01039943,0,Human
"The mountain lookout trail is paved and easy for families with strollers. Scenic valley views at the top, though the observation platform gets crowded around midday.",TripAdvisor,Parks,3,Gemini,1,0.0018106576,0,Human
"The barber gave me a respectable haircut that matched general expectations. The shop atmosphere was lively with music, though wait time past appointment time was twenty minutes.",Yelp,Barbershops,3,Gemini,1,0.00055985653,0,Human
"The bakery sourdough loaf had good crust and texture. The fruit tarts looked better than they tasted, but the bread selection is reliable for regular weekend breakfasts.",Yelp,Bakeries,3,Gemini,1,0.0009285149,0,Human
"The electric heating pad provides good warmth for lower back soreness, but the auto-shutoff timer is fixed at twenty minutes with no option to extend.",Amazon,Personal Care,3,Gemini,1,0.00041755033,0,Human
"The immersion blender shaft disconnected from the motor body during first use, splattering hot tomato soup across my kitchen cabinets. Plastic locking teeth sheared off instantly.",Amazon,Kitchen Appliances,1,Gemini,1,0.0009818985,0,Human
"The self-storage facility was clean, but the electronic keypad gate frequently malfunctioned, and only two moving carts were available for the entire multi-story building.",Yelp,Self Storage,2,Gemini,1,0.0003990236,0,Human
"The airport parking shuttle bus ran every twenty minutes as scheduled. The parking lot surface was well-lit and clean, though the payment ticket machine at the exit gate had trouble scanning the mobile barcode.",TripAdvisor,Travel Services,3,Gemini,1,0.00018469685,0,Human
"The riverwalk promenade is lined with flowering crepe myrtles, outdoor sculpture art, and shaded riverside benches. Clean, well-lit, and safe for evening walks.",TripAdvisor,Parks,5,Gemini,1,0.00123768,0,Human
"The scenic coastal railway tour offered nice views, but the passenger car windows were scratched and dirty, making landscape photography disappointing.",TripAdvisor,Rail Tours,2,Gemini,1,8.385931e-06,0,Human
"The weighted blanket has even glass bead distribution across the quilted pockets, preventing the weight from bunching into one corner. The included duvet cover is soft, though tying all eight internal corner ribbons took some patience.",Amazon,Bedding,4,Gemini,1,0.0047338526,0,Human
"The alarm clock app failed to trigger notifications after the latest software update, causing me to arrive late for a critical job interview. Completely unreliable background service.",GooglePlay,Utilities,1,Gemini,1,0.0009392188,0,Human
The mobile mechanic came to my workplace and replaced a dead battery and alternator. He verified the charging system before leaving and provided a digital receipt. Very convenient service.,Yelp,Auto Services,4,Gemini,1,0.012565138,0,Human
"This stainless steel water bottle keeps cold drinks chilled through the workday. The powder coat finish resists scratches, but the screw-top lid squeaks loudly when opening.",Amazon,Sports & Outdoors,3,Gemini,1,2.7498532e-05,0,Human
"This blackout sleep mask blocks ambient light decently, but the velcro strap constantly snags on pillowcases and pulls hair during normal sleep movements.",Amazon,Personal Care,2,Gemini,1,7.5271214e-06,0,Human
"The beachside seafood restaurant had fantastic sunset views over the water, but the fried calamari was rubbery and our waiter forgot our drink orders twice.",TripAdvisor,Associated Restaurants,2,Gemini,1,0.00039438345,0,Human
"The dental hygienist scraped aggressively along my gums without checking comfort levels, leaving my mouth sore for two days following a standard cleaning.",Yelp,Dentists,2,Gemini,1,0.00041171908,0,Human
"The smart plug energy monitoring feature gives clear kilowatt usage data for our space heater. Scheduling automation timers through the app worked reliably, though initial Wi-Fi pairing required turning off 5GHz network bands on my router.",Amazon,Smart Home,4,Gemini,1,0.00036503284,0,Human
"The mechanical pencil lead mechanism jams whenever I try to advance a fresh 0.5mm graphite stick. The knurled metal grip feels balanced in hand, but having to disassemble the tip with a needle every few pages completely defeats the point.",Amazon,Stationery,2,Gemini,1,0.0015218316,0,Human
"The budgeting app automatically imports bank transactions, but custom expense categories lose their assigned colors upon closing the app.",GooglePlay,Finance,3,Gemini,1,1.2563379e-05,0,Human
The beach resort pool had clean water and plenty of umbrella shade. Housekeeping cleaned our suite daily and replenished towels promptly. The beach sand right outside was soft and clean.,TripAdvisor,Resorts,4,Gemini,1,5.872036e-06,0,Human
This turn-based strategy board game has balanced AI opponents and crisp retro pixel art. No forced ad interruptions between match turns.,GooglePlay,Games,5,Gemini,1,2.9852012e-05,0,Human
"The mobile mechanic replaced my car starter motor directly in my driveway on a freezing Saturday morning. Prompt, polite, and charged exactly what was quoted over the phone.",Yelp,Auto Services,5,Gemini,1,0.025055565,0,Human
"The car wash left dirty water streaks across my rear windshield and missed vacuuming underneath the floor mats completely. For a premium wash package, the attention to detail was lacking.",Yelp,Car Wash,2,Gemini,1,0.0011011222,0,Human
The document scanner auto-crops page borders cleanly on tabletops and exports crisp multipage PDFs. OCR text recognition works well on printed invoices and receipts.,GooglePlay,Business,4,Gemini,1,4.647706e-05,0,Human
The electrician installed four ceiling fans and updated our old circuit breaker panel cleanly. He cleaned up all wire clippings and drywall dust before leaving.,Yelp,Electricians,5,Gemini,1,0.00031274554,0,Human
"The medieval fortress ruins offer incredible coastal views. Walking along the ancient stone ramparts was fascinating, but wear sturdy footwear because the centuries-old steps are worn smooth and slick in the morning mist. Excellent historical plaques.",TripAdvisor,Historic Sites,5,Gemini,1,0.001909318,0,Human
The independent bookstore has curated staff recommendation cards tucked into shelves that helped me find two new mystery authors. The reading nook in the back with armchairs is cozy and quiet.,Yelp,Bookstores,5,Gemini,1,0.003249066,0,Human
The aviation museum features a remarkable collection of vintage aircraft and interactive flight simulators. Volunteer docents shared fascinating engineering details.,TripAdvisor,Museums,5,Gemini,1,2.5443416e-05,0,Human
"The weather app gives accurate temperature and rain forecasts. The widget layout looks tidy on the home screen, though radar map animation loads slowly on mobile data.",GooglePlay,Weather,3,Gemini,1,4.7068e-06,0,Human
The sleep sound app audio loop has a noticeable two-second silence gap between repetitions that jolts you awake just as you fall asleep.,GooglePlay,Lifestyle,2,Gemini,1,4.320764e-05,0,Human
"The photo filter editor has nice preset styles, but exports images with heavy JPEG compression that blurs fine portrait details on modern smartphone screens.",GooglePlay,Photography,2,Gemini,1,2.1892985e-05,0,Human
The hair salon bleach treatment burned my scalp and turned my hair an uneven brassy orange. The stylist seemed inexperienced and management refused to offer a corrective appointment.,Yelp,Hair Salons,1,Gemini,1,0.00021961115,0,Human
The astronomy constellation finder uses phone gyroscopes accurately to identify stars in the night sky. The night red-light mode protects night vision.,GooglePlay,Education,5,Gemini,1,6.2563197e-07,0,Human
"The almond croissants had a generous amount of frangipane filling and the lamination was visibly flaky. However, the drip coffee was lukewarm and the line moved sluggishly with only one person working both the register and the espresso machine during the Sunday morning rush.",Yelp,Bakeries,3,Gemini,1,0.0023436116,0,Human
"The adjustable jump rope cable kinks easily inside gym bags, and the ball bearings in the plastic handles started squeaking after three workouts.",Amazon,Fitness,2,Gemini,1,9.922057e-06,0,Human
"The neighborhood gym has decent weight equipment, but half of the treadmill screens are glitching and the locker room showers consistently run out of hot water by 6 PM.",Yelp,Gyms,2,Gemini,1,3.12701e-05,0,Human
"The aquarium had fun touch tanks and a nice coral reef tank. It can feel chaotic on weekends with school field trips, but exhibits are well maintained.",TripAdvisor,Aquariums,3,Gemini,1,0.0029734573,0,Human
This audio recording app records uncompressed WAV files with manual gain control adjustments. The waveform visualizer is responsive and marking audio cue points during interviews is simple.,GooglePlay,Music & Audio,5,Gemini,1,3.954899e-05,0,Human
"The thermal hot spring pools were clean with varying water temperatures ranging from warm to hot mineral tubs. Changing locker rooms were well-maintained with hot showers. However, locker rental was cash-only which was inconvenient.",TripAdvisor,Attractions,4,Gemini,1,4.1909625e-05,0,Human
"The alarm clock app fails to ring if battery saver mode is active overnight, resulting in missed work meetings twice this week. Unreliable background process.",GooglePlay,Tools,1,Gemini,1,4.2004216e-05,0,Human
"The unit converter converts metric, imperial, currency, and cooking measurements quickly with an intuitive numeric keypad layout. Clean design without unnecessary feature bloat.",GooglePlay,Tools,4,Gemini,1,0.000134519,0,Human
"This Bluetooth label maker connected quickly to my tablet and prints clear barcode labels for organizing workshop bins. The companion app has plenty of font choices, though label roll wastage during auto-calibration before the first print is a bit annoying.",Amazon,Office Electronics,4,Gemini,1,0.0062660677,0,Human
"The habit tracker widget looks clean on home screens, but weekly completion percentage graphs reset to zero after each software update.",GooglePlay,Lifestyle,3,Gemini,1,1.3978534e-05,0,Human
"My golden retriever chewed through the heavy-duty nylon stitching on this dog bed within three days. The zipper on the outer cover also split open, spilling foam stuffing across the living room carpet. Not durable enough for medium or large breeds.",Amazon,Pet Supplies,1,Gemini,1,0.0064832424,0,Human
"The harbor seafood restaurant served fresh clam chowder and grilled salmon. Prices were somewhat high for portion sizes, but the outdoor deck seating had nice water views.",TripAdvisor,Associated Restaurants,3,Gemini,1,1.1210248e-05,0,Human
"The car headrest tablet mount shook vigorously on uneven highway pavement, making reading difficult for my kids. The tightening screw stripped on second adjustment.",Amazon,Automotive,2,Gemini,1,0.00014815202,0,Human
The wireless mouse scroll wheel began squeaking loudly within three weeks and scrolling down occasionally jumps upward on web pages. The side buttons feel flimsy.,Amazon,Electronics,2,Gemini,1,5.7670564e-05,0,Human
"The pepperoni pizza crust had good chew and wood-fired leopard spotting, but the sauce was heavy on oregano and quite acidic. The craft beer selection on tap was impressive, though our server mixed up our pint orders twice.",Yelp,Pizza,3,Gemini,1,0.0019021608,0,Human
"The fish and chips had a light, crunchy beer batter that was not greasy, and the tartar sauce tasted made from scratch. The mushy peas were a bit bland, but the malt vinegar on the tables balanced things out nicely.",Yelp,Pubs,4,Gemini,1,0.00071945554,0,Human
The digital meat smoker thermometer probe gave accurate internal temperature readings during a ten-hour brisket smoke. The braided metal cable handled high grill lid temperatures without melting. The companion phone app lost Bluetooth range beyond thirty feet though.,Amazon,Grilling,4,Gemini,1,0.00012355835,0,Human
"The hotel shuttle bus to the airport was thirty minutes late because the driver was dispatched to the wrong terminal, causing several guests to rush for flights.",TripAdvisor,Hotels,1,Gemini,1,1.0309935e-06,0,Human
"The photo editing app has good basic crop and exposure adjustment sliders. Export speed is reasonable, though filter preset options feel somewhat limited in free version.",GooglePlay,Photography,3,Gemini,1,2.2924361e-05,0,Human
"The guided city bus tour covered main historical landmarks adequately. The pre-recorded audio was informative, though the bus route got stuck in heavy downtown traffic.",TripAdvisor,Sightseeing Tours,3,Gemini,1,1.2651001e-05,0,Human
"The puzzle game is essentially eighty percent unskippable advertisements. A thirty-second video plays before, during, and after every fifteen-second casual puzzle level.",GooglePlay,Games,1,Gemini,1,0.00026611937,0,Human
The public transit tracker gives accurate real-time bus arrival countdowns based on GPS beacon data. The subway map includes clear transfer station walking directions and wheelchair accessibility notes.,GooglePlay,Maps & Navigation,5,Gemini,1,4.297542e-06,0,Human
"The compression arm sleeves helped with forearm muscle soreness during tennis, but the top elastic band dug uncomfortably into my bicep after an hour.",Amazon,Exercise & Fitness,3,Gemini,1,0.000643725,0,Human
"The guided canyon kayak tour was exciting with beautiful sandstone cliff scenery. The guide was knowledgeable about local geology and wildlife, and provided sanitized life jackets and paddles.",TripAdvisor,Boat Tours,4,Gemini,1,8.159282e-05,0,Human
The chess application features challenging AI training bots with distinct tactical personalities and clean tactical puzzle analysis. Online multiplayer matchmaking connects within seconds with low latency.,GooglePlay,Games,5,Gemini,1,1.801835e-05,0,Human
"The beach resort buffet was disorganized with long queues for the grill station and dirty dishes left on tables for extended periods. The beach itself was lovely, but restaurant service needs major improvement.",TripAdvisor,Resorts,2,Gemini,1,6.0740887e-05,0,Human
Our wedding floral arrangements were breathtaking. The florist matched our color palette perfectly with fresh garden roses and eucalyptus greenery that lasted through the reception.,Yelp,Florists,5,Gemini,1,0.0014979709,0,Human
"The PDF reader opens files quickly, but the text highlighting tool is imprecise with finger touch and frequently snaps to the wrong lines on two-column documents.",GooglePlay,Productivity,2,Gemini,1,0.00018580754,0,Human
"The tailor hemmed my trousers to the right length, but the stitching was crooked and visible along the outside cuff. Had to take them to another tailor to fix.",Yelp,Sewing & Alterations,2,Gemini,1,3.7345708e-05,0,Human
This instant-read meat thermometer displays temperature readings in under two seconds. The probe folds neatly into the waterproof housing and the bottle opener on the end is handy during barbecues.,Amazon,Kitchen,5,Gemini,1,0.0016249215,0,Human
"The aquarium sea otter feeding demonstration was crowded five rows deep with no tiered viewing platform, making it impossible for young children to see.",TripAdvisor,Aquariums,3,Gemini,1,0.0006572747,0,Human
"The wool dryer balls reduced static in our laundry loads, but two of them unraveled into wool clumps after three weeks in the dryer.",Amazon,Laundry,2,Gemini,1,0.00011345475,0,Human
"The historic plantation house tour felt overly scripted and glossy, completely glossing over significant historical realities of the enslaved laborers who built the estate. The gardens were pretty, but the tour content felt outdated and superficial.",TripAdvisor,Historic Sites,2,Gemini,1,0.00032822427,0,Human
"The translation app works well for typed phrases, but live camera translation of restaurant menus produces garbled text when font lettering is stylized or handwritten. Decent for standard signage though.",GooglePlay,Tools,3,Gemini,1,0.0012563877,0,Human
"The magnetic phone mount holds the phone well, but the air vent clip loosened within two weeks and now rotates freely whenever you tap the screen.",Amazon,Automotive Accessories,2,Gemini,1,1.1312056e-05,0,Human
"The cliffside lighthouse observation deck was closed due to high winds without notice on their website, though we were still charged full general admission to walk around the exterior grounds. Restrooms were dirty.",TripAdvisor,Lighthouses,2,Gemini,1,0.03241651,0,Human
The sleep sound app contains an aggressive paywall that charges forty dollars annually for basic white noise tracks that cut out abruptly every ten minutes.,GooglePlay,Health & Fitness,1,Gemini,1,3.822955e-05,0,Human
"This thermal coffee carafe keeps freshly brewed drip coffee steaming hot through the entire morning. The pour spout does not drip onto tablecloths, and the brushed stainless steel exterior resists fingerprint smudges.",Amazon,Coffee Makers,5,Gemini,1,7.92685e-06,0,Human
"The seaside tavern served fresh steamed mussels in white wine broth and crispy fish and chips. Outdoor patio overlooking the marina was lovely at sunset, though service was slightly leisurely.",TripAdvisor,Associated Restaurants,4,Gemini,1,2.5119432e-05,0,Human
This white noise sleep app has seamless looping rain and campfire sounds without noticeable audio cuts. The sleep timer fades audio volume out gently.,GooglePlay,Health & Fitness,5,Gemini,1,7.007948e-07,0,Human
This digital tire pressure gauge gives consistent digital readings that match my mechanical workshop gauge. The backlit screen and LED nozzle light make checking tire pressure in a dark garage much easier.,Amazon,Automotive,5,Gemini,1,1.1341935e-05,0,Human
"The cloud photo backup app duplicates uploaded image files randomly, cluttering cloud storage folders with redundant copies.",GooglePlay,Photography,2,Gemini,1,1.1375153e-07,0,Human
"The heated eyelash curler stopped heating up after three days. The plastic comb attachment cracked while cleaning it with a cotton swab, and the USB charging port broke loose inside the handle.",Amazon,Beauty & Personal Care,1,Gemini,1,0.00048877974,0,Human
"The digital notebook app supports stylus handwriting, but lacks palm rejection on tablets, causing accidental stray pen marks across the canvas.",GooglePlay,Art & Design,2,Gemini,1,9.548952e-06,0,Human
The plastic buckle on this tactical dog collar snapped when my labrador pulled toward a squirrel. Fortunately we were in a fenced park. Unsafe hardware for strong dogs.,Amazon,Pet Supplies,1,Gemini,1,0.009127059,0,Human
"The city center hotel room keycards failed four times in two days, requiring long waits at the front desk queue after returning from sightseeing.",TripAdvisor,Hotels,2,Gemini,1,0.00011814577,0,Human
The silicone sink splash guard keeps water from pooling behind our kitchen faucet. The sloped drainage channels direct runoff straight into the sink basin effectively.,Amazon,Kitchen,5,Gemini,1,1.0817704e-05,0,Human
"The casual arcade game has fun mechanics, but progress slows to an unbearable crawl unless you spend real money on in-game booster packs.",GooglePlay,Games,2,Gemini,1,6.630907e-05,0,Human
"The gelato flavors were authentic, especially the roasted pistachio and dark chocolate sorbet. Scoops are on the smaller side for six dollars, but the creamy texture and natural flavor ingredients are obvious.",Yelp,Ice Cream,4,Gemini,1,0.0019418104,0,Human
The non-slip bath mat provides secure traction inside our slick porcelain tub and sticks firmly with multiple suction cups. The textured rubber surface is comfortable to stand on and rinses clean easily.,Amazon,Bath,5,Gemini,1,8.411403e-05,0,Human
"The brunch skillet arrived with raw diced onions, cold home fries, and undercooked bacon grease. Our server disappeared for thirty minutes after dropping off our plates and brought the check before we could ask for warm coffee refills.",Yelp,Breakfast & Brunch,1,Gemini,1,0.0029314796,0,Human
"The screen privacy filter blocks side viewing well in coffee shops, but it reduces screen brightness noticeably and makes small spreadsheet numbers harder to read.",Amazon,Computers & Accessories,3,Gemini,1,3.774647e-05,0,Human
"The transit navigation app provides accurate train arrival countdowns, but the offline station maps take several minutes to render on older phones.",GooglePlay,Maps & Navigation,3,Gemini,1,3.235327e-05,0,Human
"This water flosser reservoir leaks around the base gasket whenever it sits on the bathroom countertop for more than an hour. The pulse pressure settings are fine, but constantly wiping standing water off the shelf is frustrating.",Amazon,Personal Care,2,Gemini,1,0.019783266,0,Human
"The Japanese garden featured authentic stone lanterns, meticulously pruned bonsai pine trees, and a wooden bridge crossing a koi pond. Quiet and contemplative atmosphere.",TripAdvisor,Gardens,5,Gemini,1,8.423893e-05,0,Human
This stainless steel garlic press crushes unpeeled cloves completely with minimal hand effort. The flip-out cleaning grid makes clearing pulp fast.,Amazon,Kitchen Gadgets,5,Gemini,1,4.2946167e-06,0,Human
"The frozen yogurt topping station was messy with spilled syrups, and three of the six soft-serve dispensers were out of order on a warm Sunday afternoon.",Yelp,Ice Cream,2,Gemini,1,0.00051901565,0,Human
The taco truck served pork carnitas that were visibly undercooked in the center. Both my partner and I suffered severe food poisoning later that night. Avoid this place.,Yelp,Food Trucks,1,Gemini,1,0.0006918279,0,Human
"The transit navigation app provides helpful bus route options. Real-time arrival predictions are mostly accurate, though station walking transfer maps can be confusing.",GooglePlay,Maps & Navigation,3,Gemini,1,0.00022303921,0,Human
The resort pool water was freezing and the hot tub jets were non-functional. Housekeeping skipped our room entirely on the second day of our stay.,TripAdvisor,Resorts,1,Gemini,1,0.00042021507,0,Human
The voice memo app cuts off the first two seconds of every audio recording due to delayed microphone activation lag. Ruined recorded interview answers.,GooglePlay,Tools,1,Gemini,1,0.0004862939,0,Human
The waiting area was spotless and the hygienist was very gentle during my routine cleaning and tartar removal. Dr. Sarah took the time to review my bitewing x-rays on screen and explained why a small filling might be needed next year without being pushy.,Yelp,Dentists,5,Gemini,1,0.0016647767,0,Human
"The markdown note-taking editor syncs files effortlessly across devices with zero lag. Clean typography, full offline markdown support, and instant full-text search across thousands of notes.",GooglePlay,Productivity,5,Gemini,1,6.3816056e-05,0,Human
"The bakery cakes look stunning in the glass display case, but the chocolate sponge was dry and the buttercream was cloyingly sweet with artificial vanilla flavoring.",Yelp,Bakeries,2,Gemini,1,4.329884e-05,0,Human
"The budget tracker helps categorize monthly expenses with clean visual spending graphs. Bank synchronization works smoothly, though adding custom category icons requires a subscription.",GooglePlay,Finance,4,Gemini,1,4.4066605e-06,0,Human
The scenic harbor lighthouse tour included climbing ninety-two iron steps to the lantern room. The volunteer keeper demonstrated how the original 19th-century Fresnel lens magnifies the light beam. Beautiful 360-degree ocean views at the top.,TripAdvisor,Lighthouses,5,Gemini,1,0.0006790588,0,Human
"The poke bowl ingredients tasted fresh, especially the ahi tuna and avocado slices. The portion of brown rice was slightly small compared to the toppings, but the house ponzu dressing had great flavor.",Yelp,Poke,4,Gemini,1,0.00024361257,0,Human
The historic ghost walking tour through the old town cobblestone alleys was entertaining with theatrical storytelling and local folklore. The guide carried a vintage lantern and paced the walk comfortably.,TripAdvisor,Walking Tours,4,Gemini,1,8.182206e-05,0,Human
The bicycle mechanic tuned up my road bike gears and replaced worn brake cables in twenty-four hours. Shifting feels crisp under pedal load and braking is firm. Good honest advice without trying to upsell unnecessary carbon components.,Yelp,Bike Shops,5,Gemini,1,0.00075740024,0,Human
"The historic fort was worth an hour of exploration. The stone ramparts offer nice photo angles of the bay, though several display placards were weathered.",TripAdvisor,Historic Sites,3,Gemini,1,0.00024040094,0,Human
"The task management app organizes daily work projects cleanly with color-coded tags. Cross-device sync between phone and desktop is smooth, and customizable reminder alerts work reliably.",GooglePlay,Productivity,4,Gemini,1,2.1524917e-05,0,Human
"The fabric steamer removes wrinkles from lightweight blouses effectively. The water tank is small and requires refilling after two garments, but it heats up within a minute.",Amazon,Home Appliances,3,Gemini,1,0.031941526,0,Human
"The maritime museum had impressive naval artifacts and a restored submarine walkthrough. The audio guide was well narrated, though the lower deck corridors are quite narrow for taller visitors.",TripAdvisor,Museums,4,Gemini,1,0.002714389,0,Human
"The optometrist was thorough and patient while testing my new prescription. Great frame selection in the boutique, though delivery of finished glasses took a few days longer than estimated.",Yelp,Optometrists,4,Gemini,1,0.020123214,0,Human
"The pixel-art roguelike dungeon crawler is a masterpiece! Smooth 60fps joystick controls, balanced procedural difficulty, engaging boss mechanics, and zero pay-to-win microtransactions.",GooglePlay,Games,5,Gemini,1,0.00043776043,0,Human
"The unit converter handles currency and metric conversions quickly. Simple clean interface, though the numeric keypad occasionally lags on older phone models.",GooglePlay,Tools,3,Gemini,1,2.9686955e-05,0,Human
"The escape room puzzles had two broken sensor props that failed to unlock clues, forcing the game master to speak solutions over the intercom.",Yelp,Escape Games,2,Gemini,1,4.359918e-06,0,Human
"The budget tracker categorizes bank transactions with acceptable accuracy. Monthly spending pie charts are easy to read, though export to CSV requires manual sorting.",GooglePlay,Finance,3,Gemini,1,0.00016212511,0,Human
"The chicken tikka masala was rich with creamy spiced gravy, and the garlic naan arrived hot with blistering from the tandoor oven. The dining room music was a little loud for dinner conversation, but the food quality was top tier.",Yelp,Indian,4,Gemini,1,5.2546886e-05,0,Human
The dry-aged ribeye steak was seared with a great crust and cooked to a flawless medium rare. The creamed spinach and truffle mashed potatoes complemented the meat perfectly. Excellent anniversary dinner.,Yelp,Steakhouses,5,Gemini,1,0.00010719377,0,Human
The barber shop gave my son a sharp fade and styled his hair nicely. Clean shop with friendly banter and vintage soul music playing. Booking online appointments made the visit hassle-free.,Yelp,Barbershops,4,Gemini,1,1.4169361e-05,0,Human
"The city center hotel elevators were broken all weekend, forcing guests to carry heavy suitcases down six flights of narrow stairs to check out. No staff offered assistance and management provided no apology.",TripAdvisor,Hotels,1,Gemini,1,0.0011778257,0,Human
"The hotel room key cards demagnetized three times during our two-night stay, requiring trips down to the lobby each time after returning from dinner. Room was otherwise clean and bed was comfortable.",TripAdvisor,Hotels,3,Gemini,1,0.016911566,0,Human
"The unit converter tool covers currency exchange rates with daily automated updates, alongside standard temperature, metric, and culinary measurement conversions. Clean layout with no unnecessary bloat.",GooglePlay,Tools,5,Gemini,1,8.214933e-05,0,Human
"Ordered the carnitas tacos and a side of guacamole. The carnitas meat was tender with crispy edges, and the salsa verde had authentic habanero heat. The outdoor patio was a bit noisy from street traffic, but the food quality made up for it.",Yelp,Mexican Restaurants,4,Gemini,1,0.0045951693,0,Human
This digital tire depth gauge gave completely errant readings on brand new tires. The LCD screen flickered constantly and the plastic depth probe bent under light thumb pressure.,Amazon,Automotive Tools,1,Gemini,1,3.7052882e-06,0,Human
"The note-taking app syncs reliably across phone and tablet. The markdown formatting tools work fine, though search within long notes could be faster.",GooglePlay,Productivity,3,Gemini,1,0.00015608175,0,Human
"Our resort room smelled of damp mildew and the air conditioning unit blew lukewarm air in ninety-degree heat. Front desk promised to send maintenance three times, but nobody ever showed up. We checked out a day early.",TripAdvisor,Resorts,1,Gemini,1,0.019026605,0,Human
"The volcanic crater trail provides otherworldly views of black basalt lava fields. The path is well marked with cairns, though loose cinder gravel makes trekking poles helpful on descents.",TripAdvisor,Trails,4,Gemini,1,7.486286e-05,0,Human
"The document scanner captures receipts cleanly with auto-edge detection. The PDF export works fine, though black-and-white contrast filters sometimes wash out light text.",GooglePlay,Business,3,Gemini,1,0.00071687676,0,Human
The luxury resort check-in was seamless with sparkling wine greetings and immediate luggage escort to our suite. The private beachfront cabanas and attentive attendant service made our anniversary trip unforgettable.,TripAdvisor,Resorts,5,Gemini,1,0.0030190875,0,Human
"The hardware store has a solid inventory of plumbing and garden tools. Prices are slightly higher than big-box stores, but the staff was available to point me to the right aisle.",Yelp,Hardware Stores,3,Gemini,1,0.005298027,0,Human
"The podcast client downloads subscribed episodes overnight reliably. Audio playback is steady, though the playlist queue management interface is slightly unintuitive.",GooglePlay,Music & Audio,3,Gemini,1,5.5415476e-05,0,Human
The garden kneeling pad provides dense foam cushioning that prevented knee soreness during hours of spring tulip planting. The waterproof exterior wipes clean with a damp rag.,Amazon,Lawn & Garden,5,Gemini,1,4.254839e-05,0,Human
"The compression socks provide decent ankle support, but the top elastic band is far too tight and leaves painful red indents on the calves after a few hours.",Amazon,Apparel,2,Gemini,1,3.948448e-05,0,Human
"The video streaming client buffers constantly even on high-speed fiber Wi-Fi connections, and subtitle text displays out of sync with actor dialogue on foreign films. App menu crashes frequently.",GooglePlay,Entertainment,1,Gemini,1,0.00043286907,0,Human
The cafe breakfast burrito was ninety percent potato filler with barely any eggs or bacon. The accompanying salsa verde was watery and bland.,Yelp,Cafes,2,Gemini,1,6.9964412e-06,0,Human
"The document scanner app crops document corners poorly in dim lighting, cutting off text margins on receipts and creating skewed PDF scans.",GooglePlay,Business,2,Gemini,1,8.33531e-06,0,Human
The budget motel smelled heavily of stale cigarette smoke despite being advertised as a 100% non-smoking property. The mini-fridge in the corner vibrated loudly throughout the night and the door deadbolt felt loose.,TripAdvisor,Motels,1,Gemini,1,0.00023812859,0,Human
"The hop-on tourist trolley broke down at stop three, leaving our group stranded in the sun for forty minutes before a replacement vehicle arrived.",TripAdvisor,Sightseeing Tours,2,Gemini,1,0.0020222333,0,Human
The interval workout timer allows custom work and rest intervals with clear acoustic beeps that play over background music. Clean interface with zero intrusive full-screen video ads.,GooglePlay,Health & Fitness,4,Gemini,1,2.0543866e-05,0,Human
"The car wash automated brushes left fine swirl scratches across my clear coat finish, and the vacuum bays had weak suction with clogged hoses.",Yelp,Car Wash,1,Gemini,1,7.090676e-06,0,Human
"The transmission repair shop quoted me nine hundred dollars over the phone, but when I arrived to pick up my truck, they presented an invoice for eighteen hundred dollars with unexpected diagnostic and labor surcharge fees. Total lack of transparency.",Yelp,Auto Repair,1,Gemini,1,0.16786122,0,Human
"The dry cleaner removed a stubborn red wine mark from my cotton tablecloth without fading the fabric pattern. Garments were ready on the promised date, neatly bagged on wire hangers.",Yelp,Dry Cleaning,4,Gemini,1,0.00018465795,0,Human
This portable tire inflator filled four bicycle tires quickly on a single charge. The preset pressure auto-stop feature worked accurately on Presta valves.,Amazon,Sports,5,Gemini,1,1.6186454e-05,0,Human
The colonial tavern dinner featured authentic historic recipes like slow-roasted venison pot pie and warm spiced cider served by candlelight. Wonderful historic ambiance.,TripAdvisor,Associated Restaurants,5,Gemini,1,3.1266336e-06,0,Human
"The offline trail navigation app failed to download offline region maps, leaving our hiking group stranded with no terrain data in an area with zero cell reception.",GooglePlay,Travel & Local,1,Gemini,1,1.5555048e-05,0,Human
"Booked a deep tissue massage for shoulder pain. The therapist arrived twenty minutes late, took two personal phone calls during the session, and used almost no pressure. Total waste of money.",Yelp,Massage Therapy,1,Gemini,1,0.0016774868,0,Human
The expense splitter app makes dividing group vacation restaurant tabs and rental car costs straightforward. Generates clear settlement payment links for group members with zero calculation confusion.,GooglePlay,Finance,5,Gemini,1,2.0477942e-06,0,Human
"The wireless doorbell transmitter dropped its signal to the indoor chime chime unit after two weeks, even though the front gate is only forty feet away with direct line of sight. Replacing the coin battery did not resolve the intermittent disconnection.",Amazon,Electronics,1,Gemini,1,0.0036597038,0,Human
"These garden pruning shears cut through small green stems cleanly. The safety lock operates smoothly, though the spring action feels slightly stiff on thicker woody twigs.",Amazon,Lawn & Garden,3,Gemini,1,8.523832e-06,0,Human
"The wireless desktop keyboard has comfortable key travel, but the spacebar squeaks on every press and misses strokes if tapped on the outer right edge.",Amazon,Keyboards,2,Gemini,1,4.8776965e-05,0,Human
"The hotel elevators malfunctioned on checkout morning, forcing guests to haul heavy luggage down seven flights of narrow service stairs with no staff help.",TripAdvisor,Hotels,1,Gemini,1,1.4201937e-05,0,Human
The minimalist widget on the home screen makes checking off daily habits effortless. I appreciate that there are no intrusive full-screen video ads popping up between screens. It would be nice to have an automatic cloud backup option to Google Drive though.,GooglePlay,Productivity,4,Gemini,1,0.042484734,0,Human
The steakhouse served my filet mignon well-done when I requested medium-rare. The server argued before reluctantly sending it back to the kitchen.,Yelp,Steakhouses,2,Gemini,1,0.020155726,0,Human
The offline topographic trail app tracked our mountain hike route with clear contour lines and elevation gain metrics. A very dependable navigation tool for backcountry areas without cell coverage.,GooglePlay,Travel & Local,4,Gemini,1,0.00015861036,0,Human
"The outdoor orchid greenhouse was stunning and very well maintained, but the walking paths were quite crowded on Saturday morning. The signage explaining the native tree species could use an update since several markers were faded, but overall it was a pleasant two hours outdoors with family.",TripAdvisor,Tourist Attractions,4,Gemini,1,0.07059357,0,Human
"These polarized sunglasses cut lake glare nicely while fishing. The lightweight plastic frames stay put on your nose, though the included soft pouch offers minimal crush protection.",Amazon,Clothing & Accessories,4,Gemini,1,0.0002653947,0,Human
"The metronome app audio clicks drift out of sync after two minutes of playback, making it useless for precision rhythm practice on musical instruments.",GooglePlay,Music & Audio,1,Gemini,1,0.0003855171,0,Human
"Exceptional stay at this boutique historic hotel! Our suite had high timber-beamed ceilings, plush bedding, and panoramic views of the old city square. The concierge team gave impeccable dinner recommendations.",TripAdvisor,Hotels,5,Gemini,1,0.004466683,0,Human
"The hotel swimming pool was closed for maintenance during our entire four-day stay, which was not disclosed when booking our family vacation package.",TripAdvisor,Hotels,2,Gemini,1,0.0049796705,0,Human
The plumbing company charged ninety dollars just to look under the sink for five minutes and quoted an astronomical fee for a simple faucet cartridge replacement.,Yelp,Plumbers,1,Gemini,1,3.060631e-05,0,Human
"The silicone baking mats browned cookies evenly and peeled off cleanly without sticking. However, they retain lingering savory garlic odors from previous roasted vegetable batches despite scrubbing.",Amazon,Bakeware,3,Gemini,1,8.067954e-05,0,Human
"The file manager app contains full-screen video ads on every folder opening, making managing downloaded files tedious and frustrating.",GooglePlay,Utilities,1,Gemini,1,1.2827339e-05,0,Human
"The plumbing company charged ninety dollars for an inspection, failed to snake the bathtub drain properly, and left greasy footprint stains on our bathroom floor mat.",Yelp,Plumbing,1,Gemini,1,0.000113685644,0,Human
The photo editing suite offers responsive color grading curves and selective adjustment brushes. Exports high-resolution images quickly without noticeable compression artifacts.,GooglePlay,Photography,4,Gemini,1,2.0067905e-06,0,Human
"These vacuum storage bags compressed our winter duvets initially, but two out of the four bags slowly leaked air and reinflated inside the closet over three days.",Amazon,Storage & Organization,2,Gemini,1,0.0006227218,0,Human
"The massage therapist focused on my chronic neck tension with perfect pressure, incorporating hot towels that helped soothe stiff muscles. Clean, tranquil treatment rooms.",Yelp,Massage Therapy,5,Gemini,1,0.00014909486,0,Human
The sleep tracking audio recorder captures snoring spikes and nocturnal coughing accurately. The smart morning alarm window gradually wakes you up during light sleep phases with gentle acoustic chime tones.,GooglePlay,Lifestyle,4,Gemini,1,2.0318475e-05,0,Human
"The aviation museum features an impressive hangar of restored vintage warbirds and experimental jets. The volunteer docents, many of them former pilots, shared firsthand technical stories that brought exhibits to life.",TripAdvisor,Museums,5,Gemini,1,0.005671766,0,Human
The zipper on this gym duffel bag split open on my second trip to the fitness center. The nylon fabric is paper-thin and tore along the bottom seam.,Amazon,Sports & Outdoors,1,Gemini,1,7.0305796e-06,0,Human
"The Thai restaurant serves good pad see ew with tender beef and crisp broccoli. The spring rolls were somewhat greasy, but the lunch specials are reasonably priced.",Yelp,Thai,3,Gemini,1,0.00015264923,0,Human
"The pepperoni pizza crust had good chew and wood-fired char. The tomato sauce was slightly acidic for my taste, but the craft beer selection on tap made up for it.",Yelp,Pizza,3,Gemini,1,0.0047934493,0,Human
"The wood-fired sourdough pizza had wonderful blistered crust and tangy house sauce, though the dining room music was so loud we had to shout across our small table. Service was friendly and quick.",Yelp,Pizza,4,Gemini,1,0.0014033094,0,Human
"The transit tracker shows bus routes accurately, but arrival countdown timers lag behind real-time GPS by five to ten minutes in heavy traffic.",GooglePlay,Maps & Navigation,2,Gemini,1,9.775884e-05,0,Human
The hotel was convenient for an overnight layover near the highway. The room was basic and clean with standard amenities. Breakfast was simple with cereal and waffles.,TripAdvisor,Hotels,3,Gemini,1,7.3204187e-06,0,Human
"The gym has plenty of free weights and cardio machines. Locker rooms are clean enough, though several weight benches showed wear on the vinyl padding.",Yelp,Gyms,3,Gemini,1,0.00022359643,0,Human
"The language flashcard app resets spaced repetition review intervals back to day one if an accidental wrong tap occurs, with no undo button.",GooglePlay,Education,2,Gemini,1,0.00012026015,0,Human
The historical lighthouse observation platform was chained off due to structural issues that were not mentioned when buying full-price admission tickets at the gate kiosk.,TripAdvisor,Historic Sites,1,Gemini,1,0.001770538,0,Human
The weather radar widget fails to refresh automatically on home screen widgets unless you open the full application manually. The radar loop map animation stutters on Android 14 devices.,GooglePlay,Weather,2,Gemini,1,5.0272283e-06,0,Human
"This yoga mat provides good joint cushioning on hard gym floors, but the material gave off an intense synthetic rubber smell that lingered for two weeks after unrolling.",Amazon,Fitness,3,Gemini,1,0.00019652676,0,Human
The dry cleaner melted the plastic horn buttons on my wool blazer and refused to replace them or refund the cleaning charge.,Yelp,Dry Cleaning,1,Gemini,1,2.9590967e-05,0,Human
The LED desk lamp offers five brightness levels and color temperature options that are easy on the eyes during late night studying. The USB charging port on the base charges phones slowly though.,Amazon,Lighting,4,Gemini,1,1.9745328e-05,0,Human
"The offline English dictionary and thesaurus provides comprehensive word definitions, etymologies, and crisp audio pronunciations with instant search and zero internet connection required.",GooglePlay,Books & Reference,5,Gemini,1,6.3020248e-06,0,Human
"This manual coffee burr grinder produces uniform medium grinds for drip coffee. It takes about two minutes of steady hand cranking for a single cup, which is fine for weekends.",Amazon,Coffee Accessories,3,Gemini,1,0.00013029706,0,Human
The historic cathedral choir organ performance on Sunday afternoon was breathtaking. The soaring vaulted ceilings created incredible acoustics. Admission was free with a suggested donation for church preservation. Modest dress required for entry.,TripAdvisor,Landmarks,5,Gemini,1,0.00055538747,0,Human
"The fish tacos were fresh with crispy battered cod and tangy slaw, but the corn tortillas were cold and broke apart on the first bite.",Yelp,Mexican,3,Gemini,1,8.6292323e-07,0,Human
"The baby bottle warmer took over twelve minutes to warm four ounces of milk, which is far too slow when dealing with a crying infant at 3 AM.",Amazon,Baby Products,1,Gemini,1,0.00015305441,0,Human
"The barber listened carefully to how I wanted my beard trimmed and blended the fade seamlessly into my sideburns. Hot towel treatment at the end was relaxing and the shop has a clean, classic atmosphere with vintage soul music playing.",Yelp,Barbershops,5,Gemini,1,0.0088654235,0,Human
The historical museum offers a decent overview of regional maritime history. It takes about forty minutes to walk through exhibits. Gift shop has standard souvenir postcards.,TripAdvisor,Museums,3,Gemini,1,0.0036648978,0,Human
The coffee is robust with good roasted notes and the cafe seating has decent light. It gets crowded around 10 AM and finding an open power outlet for laptops can be tricky.,Yelp,Cafes,3,Gemini,1,1.9349916e-05,0,Human
"The wireless weather station outdoor sensor loses connection during light rainstorms. The indoor base station display is crisp and displays barometric pressure accurately, but having to re-pair the remote thermometer twice a week defeats the whole purpose.",Amazon,Home & Kitchen,2,Gemini,1,0.00068021234,0,Human
"The dentist attempted to perform a filling without waiting for the local anesthetic to take full effect. When I signaled discomfort, he dismissed it and rushed through the procedure.",Yelp,Dentists,1,Gemini,1,0.06632823,0,Human
"The replacement chainsaw chain dulled after cutting through three pine logs. The metal teeth chipped visibly, and sharpening them with a file barely restored the edge.",Amazon,Power Tools,1,Gemini,1,0.00093004847,0,Human
"The habit tracker app displays monthly streak calendars clearly. Simple check-off system, though options for scheduling alternating weekly habits are limited.",GooglePlay,Lifestyle,3,Gemini,1,0.00021393668,0,Human
"The cotton bed sheets are soft and breathable for summer sleeping. They fit our mattress well, though they come out of the dryer with heavy wrinkles that require ironing.",Amazon,Bedding,3,Gemini,1,0.02085267,0,Human
Our desert luxury casita had a private plunge pool and an outdoor fire pit overlooking the red rock canyon. Stargazing under pristine dark skies with zero light pollution was an unforgettable experience.,TripAdvisor,Resorts,5,Gemini,1,0.00060790207,0,Human
"The museum interactive displays were almost entirely broken with out-of-order tape plastered over buttons. The gallery rooms were dusty, poorly lit, and humid.",TripAdvisor,Museums,1,Gemini,1,0.0008959894,0,Human
"The sculpture park woodland trails feature modern bronze and steel installations integrated into natural oak groves. Well-maintained gravel paths, clean facilities, and dog-friendly on leash.",TripAdvisor,Parks,5,Gemini,1,0.0001626159,0,Human
"The dental cleaning was thorough and the hygienist was polite. The office billing department took a while to verify my insurance copay, but the clinical care was fine.",Yelp,Dentists,3,Gemini,1,0.0015867559,0,Human
The podcast manager has a dependable auto-download scheduler that queues new episodes overnight. Silence trimming and volume boost algorithms operate smoothly on spoken voice.,GooglePlay,Music & Audio,4,Gemini,1,7.299321e-05,0,Human
"These wireless gaming headphones have clear spatial surround audio for footsteps, but the boom mic picks up background keyboard clicking too aggressively unless you manually tweak gain settings in third-party software.",Amazon,Video Games,4,Gemini,1,0.00038498823,0,Human
The historic ghost walking tour through the old quarter was entertaining with theatrical storytelling and local folklore. The guide carried a lantern and navigated dark cobblestone alleys smoothly. Great evening activity for teens and adults.,TripAdvisor,Tours,4,Gemini,1,0.00034453179,0,Human
"The guitar tuner app detects acoustic string notes quickly even in moderately noisy rooms. The alternate tuning library is comprehensive, though the metronome tool is somewhat basic.",GooglePlay,Music & Audio,4,Gemini,1,5.3724594e-05,0,Human
"The farm-to-table lunch spot serves great roasted vegetable grain bowls with lemon tahini dressing. Fresh ingredients and generous portions, though parking in the plaza lot is tight during peak noon.",Yelp,Cafes,4,Gemini,1,0.0001482104,0,Human
"The grocery list generator organizes items neatly by supermarket aisle, which saves real time when shopping. However, the recipe scaling feature sometimes calculates fractional measurements weirdly, like asking for 0.33 cans of diced tomatoes.",GooglePlay,Food & Drink,4,Gemini,1,0.0013714535,0,Human
The dry cleaner managed to remove a dark grease stain from my silk blouse without damaging the delicate weave. They finished the garment a day ahead of schedule and sent a convenient pickup text.,Yelp,Dry Cleaning,5,Gemini,1,0.00018854525,0,Human
The bathroom scale displays weight variations of up to three pounds between consecutive weigh-ins two minutes apart on flat hardwood flooring. The smartphone syncing feature drops connection frequently.,Amazon,Health & Personal Care,1,Gemini,1,0.0011149377,0,Human
This portable power bank charged my smartphone twice while camping over the weekend. The rugged rubberized casing protected it from accidental drops on trail rocks.,Amazon,Electronics,5,Gemini,1,0.00090979337,0,Human
"The Mexican restaurant serves tasty carnitas tacos with fresh cilantro. The salsa bar had good variety, though the dining room tables felt tightly packed during lunch hour.",Yelp,Mexican,3,Gemini,1,1.02682725e-05,0,Human
"This cast iron skillet came evenly pre-seasoned and ready for searing steaks. It distributes heat uniformly on my gas range without hot spots. It is quite heavy to lift with one hand, so the helper handle on the opposite side is essential.",Amazon,Kitchen,5,Gemini,1,0.028189098,0,Human
"The hiking daypack has well-ventilated back padding and comfortable shoulder straps, but the side mesh water bottle pockets are too shallow to hold a standard one-liter bottle securely while bending.",Amazon,Outdoor Recreation,3,Gemini,1,0.00073740724,0,Human
"The replacement laptop battery held about three hours of charge for the first fortnight, but now discharges from forty percent to zero in under five minutes. My laptop diagnostic tool flagged a failing cell already.",Amazon,Computers,1,Gemini,1,0.053642716,0,Human
"The offline dictionary app has fast word search lookups with detailed etymologies, audio pronunciation files, and comprehensive synonym lists. Operates completely without internet.",GooglePlay,Books & Reference,5,Gemini,1,0.0001583515,0,Human
"The magnetic dry erase whiteboard warped slightly along the top aluminum frame, preventing it from mounting flush against our drywall. Dry erase markers wipe off cleanly without ghosting.",Amazon,Office Supplies,3,Gemini,1,0.0052373195,0,Human
The wood-fired sourdough pizza here has an airy crust and balanced tomato sauce. The burrata and prosciutto pie with fresh basil was delicious.,Yelp,Italian,5,Gemini,1,9.290829e-05,0,Human
"The recipe scaling app works for basic doubling, but fractional cup measurements produce confusing decimals like 0.37 cups of flour.",GooglePlay,Food & Drink,3,Gemini,1,0.0001747835,0,Human
"The burger patty was seasoned well and cooked to a true medium rare, and the truffle parmesan fries were hot and crispy. Craft milkshake was rich, though our outdoor table was wobbly and rocked back and forth throughout our meal.",Yelp,Burgers,4,Gemini,1,0.0027388064,0,Human
The car wash left greasy streaks across my front windshield and the automated tire shine applicator splashed black residue down the side panels of my white sedan. Vacuum hoses in the self-service bay had weak suction and clogged nozzles.,Yelp,Car Wash,2,Gemini,1,0.0006675597,0,Human
The boutique hotel in the historic district had spacious rooms with hardwood floors and comfortable beds. Front desk staff gave helpful walking directions. The breakfast pastries were fresh and tasty.,TripAdvisor,Hotels,4,Gemini,1,0.00032576398,0,Human
The minimalist journaling app provides a distraction-free writing environment with markdown support and local biometric passcode encryption. Exporting journal archives to PDF works cleanly.,GooglePlay,Lifestyle,5,Gemini,1,0.00013695261,0,Human
"These running earbuds have clear treble for podcasts, but the bass response is completely hollow. The silicone ear hooks cause painful pressure points behind the ears after forty minutes.",Amazon,Headphones,2,Gemini,1,0.0009181858,0,Human
"Standard dry cleaning service. My dress shirts came back clean and pressed on hangers. Turnaround took three days instead of two, but no damage to fabrics.",Yelp,Dry Cleaning,3,Gemini,1,0.0044664876,0,Human
The planetarium dome show had sharp 8K digital projection and an engaging astronomy narrative about deep space nebulas. The reclined seating was comfortable with ample legroom. Great rainy day educational activity.,TripAdvisor,Planetariums,5,Gemini,1,0.00071807636,0,Human
"The resort offered decent swimming pool facilities and clean grounds. The on-site restaurant menu was somewhat repetitive after three days, but food quality was acceptable.",TripAdvisor,Resorts,3,Gemini,1,0.0008908945,0,Human
"The coastal walking trail offers dramatic ocean views from high bluff overlooks. The wooden boardwalk sections are well maintained, though trail parking fills quickly by mid-morning.",TripAdvisor,Parks,4,Gemini,1,5.434914e-05,0,Human
"The dim sum restaurant serves hot har gow with plump shrimp and crispy fried turnip cakes. Service is fast and efficient from the carts, though weekend noon crowds mean a thirty-minute wait.",Yelp,Dim Sum,4,Gemini,1,1.1943859e-05,0,Human
"The diner served us lukewarm coffee in chipped mugs, and the breakfast omelet was swimming in pool of grease with raw bell peppers. Our server never checked on our table once.",Yelp,Diners,1,Gemini,1,0.006699422,0,Human
"Our plumber arrived within the scheduled two-hour window, quickly located the source of our under-sink disposal leak, and replaced the worn rubber gasket in under thirty minutes. Left the under-sink cabinet clean and dry. Upfront flat pricing with no hidden travel fees.",Yelp,Plumbing,5,Gemini,1,0.0010175678,0,Human
"The botanical garden has nicely manicured rose beds and shaded benches. It is somewhat small compared to other municipal gardens, but pleasant for a quiet walk.",TripAdvisor,Gardens,3,Gemini,1,0.0068449923,0,Human
The botanical garden conservatory glass panels were filthy and many exotic plant specimens were dead in dried-out soil pots. Overpriced admission for a neglected facility.,TripAdvisor,Gardens,1,Gemini,1,0.0010960036,0,Human
The car windshield sunshade fits our sedan windshield accurately and reduces dashboard heat. Folding it back into the compact spring loop takes some practice.,Amazon,Automotive,3,Gemini,1,0.00054023607,0,Human
"The airport transit hotel room was functional for an eight-hour layover. Bed was firm, soundproofing blocked runway jet noise effectively, and the free terminal shuttle bus ran punctually every fifteen minutes. Perfect for brief travel stops.",TripAdvisor,Hotels,4,Gemini,1,0.001573731,0,Human
"The cliffside lighthouse observation deck was closed due to high winds without notice on their website, though we were still charged full general admission to walk around the exterior keeper grounds. Restrooms near the parking area were out of soap.",TripAdvisor,Lighthouses,2,Gemini,1,0.03848343,0,Human
"The oil change was completed on time, but the mechanics left greasy smudge marks across my steering wheel and tried to aggressively upsell unnecessary transmission flushes.",Yelp,Auto Repair,2,Gemini,1,0.00019791962,0,Human
"The sleep cycle tracker app fails to record data if the phone screen locks automatically, requiring leaving the display illuminated on nightstands.",GooglePlay,Lifestyle,2,Gemini,1,4.071899e-06,0,Human
"The optical audio cable jacket is stiff and difficult to bend around the back of a tight TV console, but the gold-plated connectors click firmly into place.",Amazon,Electronics,4,Gemini,1,0.00023710413,0,Human
"The bike phone mount strap cracked in half while riding over railroad tracks, causing my phone to tumble onto asphalt. The plastic clamp mechanism is brittle and unreliable.",Amazon,Sports,1,Gemini,1,0.0004731166,0,Human
These silicone food storage bags stand upright for easy filling and seal tightly enough to hold liquid soups in the freezer without leaking. Washing the interior corners thoroughly requires a bottle brush.,Amazon,Kitchen & Dining,4,Gemini,1,9.58831e-05,0,Human
The barcode price comparison scanner crashes immediately upon launching the camera viewfinder on my phone. Clearing cache and reinstalling the app did not fix the startup crash issue.,GooglePlay,Shopping,1,Gemini,1,9.917977e-05,0,Human
"The beach was clean with gentle surf suitable for swimming. Parking filled up by 10 AM on Saturday, so arrive early. Restrooms were functional though basic.",TripAdvisor,Beaches,3,Gemini,1,0.01991899,0,Human
"The wireless optical mouse tracks smoothly on wooden desks without a mousepad. The click buttons are quiet, though the scroll wheel feels slightly loose during fast scrolling.",Amazon,Computers,3,Gemini,1,0.00022599933,0,Human
"The brunch pancakes were dense and rubbery in the middle, and our server forgot to bring maple syrup until our table finished eating the sides.",Yelp,Breakfast & Brunch,2,Gemini,1,9.209106e-05,0,Human
The document scanner app crashes every time you attempt to scan a second page. It deleted three hours of unbacked receipts and forces full-screen video ads on every button tap.,GooglePlay,Productivity,1,Gemini,1,0.0007872993,0,Human
"The ultrasonic cool mist humidifier runs quietly on the bedroom nightstand and improved winter air dryness. Refilling the tank is straightforward, though cleaning the narrow mist chimney takes care.",Amazon,Home Appliances,4,Gemini,1,2.6492817e-05,0,Human
"The breakfast diner was quick, but the hash browns were soggy and soaked with old griddle oil. The server seemed overwhelmed and mixed up our side orders.",Yelp,Breakfast & Brunch,2,Gemini,1,0.0015321393,0,Human
"The salon receptionist double-booked my massage therapist, so I was made to wait thirty minutes in the lobby only to receive a shortened forty-minute session while still being charged the full sixty-minute rate at checkout.",Yelp,Day Spas,1,Gemini,1,0.0037291702,0,Human
"The laptop privacy screen darkened the display so much that spreadsheets were unreadable, even at maximum screen brightness. The adhesive hanging tabs left sticky residue on the bezel.",Amazon,Computers & Accessories,1,Gemini,1,0.00018279489,0,Human
The puzzle game displays thirty-second unskippable video ads after every single thirty-second level. Game is eighty percent advertisements.,GooglePlay,Games,1,Gemini,1,1.8802665e-07,0,Human
"Decent neighborhood spot for weeknight dinner. The chicken parmesan entree was hearty and flavorful, though the side salad was mostly iceberg lettuce. Service was steady.",Yelp,Italian,3,Gemini,1,0.00055567955,0,Human
"The city tour bus air conditioning broke down in stop-and-go traffic, turning the upper glass deck into a greenhouse with no opening windows.",TripAdvisor,Bus Tours,1,Gemini,1,0.0001464211,0,Human
Ordered a custom birthday cake with strawberry buttercream frosting. The cake sponge was moist and the piping decoration matched the reference photo I emailed them perfectly. Everyone at the party complimented the flavor. Will definitely order future celebration cakes from here.,Yelp,Custom Cakes,5,Gemini,1,0.015389339,0,Human
The plant identification camera tool correctly recognized my outdoor garden perennials from leaf photos. It provides helpful watering schedules and common pest treatment advice. Free tier allows five scans daily.,GooglePlay,House & Home,4,Gemini,1,6.6866516e-05,0,Human
"The dog boarding facility provided clean private suites, spacious grassy play yards, and daily photo updates of my retriever enjoying group playtime. He came home happy and calm.",Yelp,Pet Boarding,5,Gemini,1,0.00027496697,0,Human
"The nail salon was chaotic and dirty. The technician used metal tools directly from a tabletop drawer instead of a sanitized pouch, and the gel polish peeled completely off three fingernails the next morning.",Yelp,Nail Salons,1,Gemini,1,0.00023269528,0,Human
"The resistance bands set offers varied tension levels that work well for home strength workouts. The door anchor holds firmly, though the fabric carrying pouch seam frayed slightly.",Amazon,Fitness,4,Gemini,1,1.3874728e-05,0,Human
"The magnetic spice jars cling firmly to the side of our refrigerator, freeing up valuable cabinet shelf space. The shaker lids have two opening sizes for sprinkling and pouring, though refilling fine powders can be messy without a small funnel.",Amazon,Kitchen Organization,4,Gemini,1,0.022320827,0,Human
The hotel swimming pool water was freezing and murky with floating leaves that were never skimmed. The poolside towel cart was empty all weekend and several plastic lounge chairs had broken adjustment brackets.,TripAdvisor,Hotels,1,Gemini,1,0.00067922665,0,Human
The castle grounds cafe charged eight dollars for a stale prepackaged sandwich and four dollars for warm bottled tap water. Limited outdoor seating.,TripAdvisor,Dining,2,Gemini,1,3.3262304e-06,0,Human
The Mexican restaurant serves fantastic carnitas with crispy edges and warm handmade corn tortillas. The house guacamole made tableside is fresh with lime and cilantro.,Yelp,Mexican,5,Gemini,1,4.0868385e-05,0,Human
"The hotel breakfast area ran out of coffee mugs, forks, and eggs by 8:30 AM with no kitchen staff around to replenish buffet stations.",TripAdvisor,Hotels,2,Gemini,1,0.0019913209,0,Human
"The planetarium theater projection system glitched mid-presentation, freezing the starry sky image for fifteen minutes before staff cancelled the show without refunds.",TripAdvisor,Planetariums,1,Gemini,1,0.00027224622,0,Human
"These polarized sports sunglasses fit snugly during trail runs without bouncing. The lenses cut glare effectively, though the rubber nose pad collected sweat during humid afternoon workouts.",Amazon,Sports Accessories,4,Gemini,1,5.6652992e-05,0,Human
"This compact binoculars pair offers crisp optical clarity and smooth center focus adjustment during birdwatching walks. Compact enough to slip into a jacket pocket, though the rubber lens caps tend to pop off easily.",Amazon,Optics,4,Gemini,1,0.00010186501,0,Human
"The botanical Japanese gardens are a tranquil masterpiece with manicured bonsai pines, authentic stone lanterns, and arched bridges over koi ponds. A peaceful sanctuary in the heart of the city.",TripAdvisor,Gardens,5,Gemini,1,0.0040440885,0,Human
The oil change technician stripped the oil pan drain plug threads and tried to blame normal wear. Left oil spots on my driveway the following morning.,Yelp,Oil Change Stations,1,Gemini,1,8.519894e-07,0,Human
"The stainless steel French press looks sleek and keeps coffee warm, but the plunger mesh allows a noticeable amount of fine silt into the cup. The glass beaker also feels fragile.",Amazon,Coffee Makers,2,Gemini,1,5.90478e-06,0,Human
The seaside hotel room had black mold spreading across the bathroom ceiling and stained bedsheets. The air conditioner hummed loudly without cooling the room in ninety-degree humidity.,TripAdvisor,Hotels,1,Gemini,1,2.3133874e-05,0,Human
"The bowling alley lanes were clean and scoring screens worked fine, but shoe rentals smelled damp and several bowling balls had chipped finger holes. Arcade games in the lobby had multiple out-of-order coin slots.",Yelp,Bowling,3,Gemini,1,2.5804726e-05,0,Human
"The resort buffet food was lukewarm and repetitive, with dry chicken breasts and wilted salad greens. Drinks at the pool bar were watered down.",TripAdvisor,Resorts,2,Gemini,1,5.2203955e-05,0,Human
The craft beer taproom has a great rotation of local IPAs and stouts. The outdoor beer garden has picnic tables and strings of lights. Food options are limited to food trucks parked outside.,Yelp,Breweries,4,Gemini,1,5.8411107e-08,0,Human
The self-serve frozen yogurt machines had several empty flavor levers and the topping bar was messy with spilled gummy bears and crushed cookies everywhere. Counter cashier was staring at their phone and didn't greet customers.,Yelp,Desserts,2,Gemini,1,0.00047956436,0,Human
This offline topographic trail map app tracked our backcountry hike accurately with contour lines and elevation gain metrics. A reliable navigation tool.,GooglePlay,Travel & Local,5,Gemini,1,7.46544e-05,0,Human
"The sleep tracking app monitors nighttime sleep cycles accurately and provides useful weekly trend charts. The gentle acoustic wake-up alarm is pleasant, though battery usage is noticeable.",GooglePlay,Lifestyle,4,Gemini,1,3.6347035e-05,0,Human
"The file compression archiver tool opens zip, 7z, and tar files quickly and handles password-encrypted archives without errors. Clean navigation across internal storage folders.",GooglePlay,Tools,5,Gemini,1,0.00014615746,0,Human
The shopping list app syncs poorly between family members; checked-off grocery items reappear on the list minutes later while shopping.,GooglePlay,Shopping,2,Gemini,1,5.639369e-07,0,Human
"The wallpaper customization app requests permission to read contact lists and phone call logs without any functional justification, while serving intrusive banner popups.",GooglePlay,Personalization,1,Gemini,1,6.235706e-05,0,Human
"The historic submarine tour was fascinating, but the interior corridors are extremely tight and narrow, so definitely skip that part if you get claustrophobic. The main naval artifacts hall had informative audio guides and great interactive exhibits for children.",TripAdvisor,Museums,4,Gemini,1,0.046184614,0,Human
"The workout logging app tracks sets and reps easily during gym sessions. The interface is simple, though creating custom exercise variations requires extra taps.",GooglePlay,Health & Fitness,3,Gemini,1,4.222712e-05,0,Human
The veterinary care team treated our elderly dog with exceptional warmth and expertise. The doctor gave clear guidance on arthritis management and staff followed up the next day to check on his comfort.,Yelp,Veterinarians,5,Gemini,1,0.0014648521,0,Human
"The electric kettle boils water fast, but the exterior metal housing becomes scalding hot to the touch and the auto-shutoff switch takes too long to trip after boiling starts.",Amazon,Small Appliances,2,Gemini,1,1.13557235e-05,0,Human
"The cathedral tour guide rushed our group through the crypt in under five minutes to keep on schedule, barely allowing time to see the stone tombs.",TripAdvisor,Landmarks,2,Gemini,1,0.0006915329,0,Human
This ergonomic vertical mouse eliminated wrist strain during long programming sessions. The textured thumb rest provides comfort and the battery life lasts several weeks on a single AA cell.,Amazon,Computers,5,Gemini,1,9.850708e-05,0,Human
"The calorie counter barcode scanner consistently misidentifies grocery items, logging frozen pizza as Greek yogurt with wrong macro values.",GooglePlay,Health & Fitness,2,Gemini,1,2.9098263e-07,0,Human
"The gym has a good variety of free weights and squat racks, but during the 5 PM weekday rush it is impossible to find an open bench. Several cable machines had broken pulleys with out-of-order signs that have remained untouched for over three weeks. Locker rooms need more frequent cleaning.",Yelp,Gyms,2,Gemini,1,0.13336588,0,Human
The document scanner app places an enormous watermark banner across exported documents unless you pay for a lifetime unlock. Edge detection frequently cuts off signature lines at page bottoms.,GooglePlay,Business,2,Gemini,1,0.00033440805,0,Human
