review,source,category,rating,generator_model,label,word_count_temp,ai_probability,prediction,prediction_label
"The public beach area was littered with plastic bottles and cigarette butts, and the public changing restrooms had no running water or soap. Overpriced parking fees for a poorly maintained recreation area.",TripAdvisor,Beaches,1,Gemini,1,32,0.0065339697,0,HUMAN
"Showed up for a scheduled 10 AM oil change appointment and was told their bay lift was broken and they could not take my vehicle until the afternoon. No phone call ahead of time to let me know, wasting my Saturday morning commute.",Yelp,Auto Repair,1,Gemini,1,43,0.66128206,1,AI
The coastal hiking path follows dramatic cliffs overlooking turquoise waters. The trail is well marked with timber bridges over stream crossings. Spectacular ocean vistas around every bend with benches for resting.,TripAdvisor,Parks,5,Gemini,1,31,0.0082724355,0,HUMAN
"These wool trekking socks provided plush cushioning and blister-free comfort on a fourteen-mile mountain hike. They wick moisture effectively, regulate foot temperature, and hold elasticity after multiple washes.",Amazon,Apparel,5,Gemini,1,30,0.020148102,0,HUMAN
"The nail salon technician used unsterilized nail clippers taken from an open drawer, and cut my cuticle so deeply that it bled. The gel polish peeled off within twenty-four hours.",Yelp,Nail Salons,1,Gemini,1,31,0.036742304,0,HUMAN
"These wool hiking socks cushioned my feet well on a ten-mile rocky hike without bunching or blisters. They washed well in cold water, though they take a full day to air dry.",Amazon,Apparel,4,Gemini,1,33,0.033038102,0,HUMAN
The self-guided walking tour app audio synced accurately with GPS coordinates as we explored the old fortified city walls. Allowed us to explore at our own pace without having to follow a large tour umbrella group.,TripAdvisor,Self-Guided Tours,4,Gemini,1,37,0.08616074,0,HUMAN
"The historic canal narrowboat tour drifted peacefully past old brick warehouses and weeping willows. The skipper negotiated the manual hand-cranked locks with precision, explaining the industrial waterway history along the route.",TripAdvisor,Boat Tours,4,Gemini,1,32,0.0034122744,0,HUMAN
This compact air fryer crisps up frozen french fries and chicken tenders in twelve minutes with minimal cleanup. The basket non-stick coating has held up well through dozens of dishwasher cycles.,Amazon,Kitchen Appliances,5,Gemini,1,32,0.020129604,0,HUMAN
"The room was tiny with barely enough clearance to open a standard suitcase on the floor, and the window faced a brick ventilation shaft. The bathroom was clean and the shower pressure was strong, but for the price per night in the city center, we expected a bit more breathing room.",TripAdvisor,Hotels,2,Gemini,1,51,0.048105665,0,HUMAN
This heavy-duty ratcheting tie-down strap set secured our two kayaks firmly on the roof rack during a five-hour highway trip. The rubber-coated hooks protect car paint and the release lever operates smoothly.,Amazon,Automotive,5,Gemini,1,36,0.03989797,0,HUMAN
"Checked into our hotel room to find unemptied trash cans in the bathroom and hairs on the bed sheets. When we asked the front desk for a room change, the clerk rolled her eyes and claimed they were fully booked before reluctantly sending housekeeping.",TripAdvisor,Hotels,1,Gemini,1,44,0.18833084,0,HUMAN
"The dim sum cart selection was extensive with hot har gow and crispy siu mai. Service was quick and efficient, though the dining hall can feel chaotic during Sunday noon rush hours with long waits for larger table groups.",Yelp,Dim Sum,4,Gemini,1,39,0.013300274,0,HUMAN
The mountain lodge had comfortable rooms with pine timber furnishings and a cozy stone fireplace in the main lobby. The complimentary afternoon hot cider was a nice touch after hiking.,TripAdvisor,Lodges,4,Gemini,1,30,0.0050815293,0,HUMAN
The app forces a full-screen unskippable thirty-second video advertisement after every single puzzle level. Even clicking to mute the background audio in settings does not silence the ads. Uninstalled after ten minutes.,GooglePlay,Games,1,Gemini,1,34,0.031959407,0,HUMAN
The acoustic foam soundproofing tiles arrived vacuum-compressed and several corners never expanded to full thickness even after forty-eight hours of airing out and water soaking. The adhesive backing also peeled paint off the drywall.,Amazon,Musical Instruments,1,Gemini,1,36,0.026763834,0,HUMAN
"The airport parking shuttle bus ran every twenty minutes as scheduled. The parking lot surface was well-lit and clean, though the payment ticket machine at the exit gate had trouble scanning the mobile barcode.",TripAdvisor,Travel Services,3,Gemini,1,35,0.011449849,0,HUMAN
"The weighted blanket has even glass bead distribution across the quilted pockets, preventing the weight from bunching into one corner. The included duvet cover is soft, though tying all eight internal corner ribbons took some patience.",Amazon,Bedding,4,Gemini,1,36,0.010290317,0,HUMAN
"The smart plug energy monitoring feature gives clear kilowatt usage data for our space heater. Scheduling automation timers through the app worked reliably, though initial Wi-Fi pairing required turning off 5GHz network bands on my router.",Amazon,Smart Home,4,Gemini,1,37,0.10585241,0,HUMAN
"The mechanical pencil lead mechanism jams whenever I try to advance a fresh 0.5mm graphite stick. The knurled metal grip feels balanced in hand, but having to disassemble the tip with a needle every few pages completely defeats the point.",Amazon,Stationery,2,Gemini,1,41,0.06124321,0,HUMAN
The beach resort pool had clean water and plenty of umbrella shade. Housekeeping cleaned our suite daily and replenished towels promptly. The beach sand right outside was soft and clean.,TripAdvisor,Resorts,4,Gemini,1,30,0.004116271,0,HUMAN
"The car wash left dirty water streaks across my rear windshield and missed vacuuming underneath the floor mats completely. For a premium wash package, the attention to detail was lacking.",Yelp,Car Wash,2,Gemini,1,30,0.015125278,0,HUMAN
"The medieval fortress ruins offer incredible coastal views. Walking along the ancient stone ramparts was fascinating, but wear sturdy footwear because the centuries-old steps are worn smooth and slick in the morning mist. Excellent historical plaques.",TripAdvisor,Historic Sites,5,Gemini,1,37,0.06278354,0,HUMAN
The independent bookstore has curated staff recommendation cards tucked into shelves that helped me find two new mystery authors. The reading nook in the back with armchairs is cozy and quiet.,Yelp,Bookstores,5,Gemini,1,31,0.02677269,0,HUMAN
"The almond croissants had a generous amount of frangipane filling and the lamination was visibly flaky. However, the drip coffee was lukewarm and the line moved sluggishly with only one person working both the register and the espresso machine during the Sunday morning rush.",Yelp,Bakeries,3,Gemini,1,44,0.01522772,0,HUMAN
"The thermal hot spring pools were clean with varying water temperatures ranging from warm to hot mineral tubs. Changing locker rooms were well-maintained with hot showers. However, locker rental was cash-only which was inconvenient.",TripAdvisor,Attractions,4,Gemini,1,36,0.008442082,0,HUMAN
"This Bluetooth label maker connected quickly to my tablet and prints clear barcode labels for organizing workshop bins. The companion app has plenty of font choices, though label roll wastage during auto-calibration before the first print is a bit annoying.",Amazon,Office Electronics,4,Gemini,1,41,0.12324829,0,HUMAN
"My golden retriever chewed through the heavy-duty nylon stitching on this dog bed within three days. The zipper on the outer cover also split open, spilling foam stuffing across the living room carpet. Not durable enough for medium or large breeds.",Amazon,Pet Supplies,1,Gemini,1,42,0.09372243,0,HUMAN
"The pepperoni pizza crust had good chew and wood-fired leopard spotting, but the sauce was heavy on oregano and quite acidic. The craft beer selection on tap was impressive, though our server mixed up our pint orders twice.",Yelp,Pizza,3,Gemini,1,39,0.035217956,0,HUMAN
"The fish and chips had a light, crunchy beer batter that was not greasy, and the tartar sauce tasted made from scratch. The mushy peas were a bit bland, but the malt vinegar on the tables balanced things out nicely.",Yelp,Pubs,4,Gemini,1,40,0.02503257,0,HUMAN
The digital meat smoker thermometer probe gave accurate internal temperature readings during a ten-hour brisket smoke. The braided metal cable handled high grill lid temperatures without melting. The companion phone app lost Bluetooth range beyond thirty feet though.,Amazon,Grilling,4,Gemini,1,39,0.04367302,0,HUMAN
"The beach resort buffet was disorganized with long queues for the grill station and dirty dishes left on tables for extended periods. The beach itself was lovely, but restaurant service needs major improvement.",TripAdvisor,Resorts,2,Gemini,1,33,0.0042868135,0,HUMAN
This instant-read meat thermometer displays temperature readings in under two seconds. The probe folds neatly into the waterproof housing and the bottle opener on the end is handy during barbecues.,Amazon,Kitchen,5,Gemini,1,31,0.010919829,0,HUMAN
"The historic plantation house tour felt overly scripted and glossy, completely glossing over significant historical realities of the enslaved laborers who built the estate. The gardens were pretty, but the tour content felt outdated and superficial.",TripAdvisor,Historic Sites,2,Gemini,1,36,0.0040237587,0,HUMAN
"The translation app works well for typed phrases, but live camera translation of restaurant menus produces garbled text when font lettering is stylized or handwritten. Decent for standard signage though.",GooglePlay,Tools,3,Gemini,1,30,0.012322642,0,HUMAN
"The cliffside lighthouse observation deck was closed due to high winds without notice on their website, though we were still charged full general admission to walk around the exterior grounds. Restrooms were dirty.",TripAdvisor,Lighthouses,2,Gemini,1,33,0.03667236,0,HUMAN
"This thermal coffee carafe keeps freshly brewed drip coffee steaming hot through the entire morning. The pour spout does not drip onto tablecloths, and the brushed stainless steel exterior resists fingerprint smudges.",Amazon,Coffee Makers,5,Gemini,1,32,0.002014512,0,HUMAN
"The seaside tavern served fresh steamed mussels in white wine broth and crispy fish and chips. Outdoor patio overlooking the marina was lovely at sunset, though service was slightly leisurely.",TripAdvisor,Associated Restaurants,4,Gemini,1,30,0.0041549923,0,HUMAN
This digital tire pressure gauge gives consistent digital readings that match my mechanical workshop gauge. The backlit screen and LED nozzle light make checking tire pressure in a dark garage much easier.,Amazon,Automotive,5,Gemini,1,32,0.0027304164,0,HUMAN
"The heated eyelash curler stopped heating up after three days. The plastic comb attachment cracked while cleaning it with a cotton swab, and the USB charging port broke loose inside the handle.",Amazon,Beauty & Personal Care,1,Gemini,1,32,0.010148105,0,HUMAN
"The gelato flavors were authentic, especially the roasted pistachio and dark chocolate sorbet. Scoops are on the smaller side for six dollars, but the creamy texture and natural flavor ingredients are obvious.",Yelp,Ice Cream,4,Gemini,1,32,0.010577464,0,HUMAN
The non-slip bath mat provides secure traction inside our slick porcelain tub and sticks firmly with multiple suction cups. The textured rubber surface is comfortable to stand on and rinses clean easily.,Amazon,Bath,5,Gemini,1,33,0.023067733,0,HUMAN
"The brunch skillet arrived with raw diced onions, cold home fries, and undercooked bacon grease. Our server disappeared for thirty minutes after dropping off our plates and brought the check before we could ask for warm coffee refills.",Yelp,Breakfast & Brunch,1,Gemini,1,38,0.100181594,0,HUMAN
"This water flosser reservoir leaks around the base gasket whenever it sits on the bathroom countertop for more than an hour. The pulse pressure settings are fine, but constantly wiping standing water off the shelf is frustrating.",Amazon,Personal Care,2,Gemini,1,37,0.03291455,0,HUMAN
The waiting area was spotless and the hygienist was very gentle during my routine cleaning and tartar removal. Dr. Sarah took the time to review my bitewing x-rays on screen and explained why a small filling might be needed next year without being pushy.,Yelp,Dentists,5,Gemini,1,45,0.0741366,0,HUMAN
The scenic harbor lighthouse tour included climbing ninety-two iron steps to the lantern room. The volunteer keeper demonstrated how the original 19th-century Fresnel lens magnifies the light beam. Beautiful 360-degree ocean views at the top.,TripAdvisor,Lighthouses,5,Gemini,1,38,0.023472244,0,HUMAN
"The poke bowl ingredients tasted fresh, especially the ahi tuna and avocado slices. The portion of brown rice was slightly small compared to the toppings, but the house ponzu dressing had great flavor.",Yelp,Poke,4,Gemini,1,33,0.009041261,0,HUMAN
The historic ghost walking tour through the old town cobblestone alleys was entertaining with theatrical storytelling and local folklore. The guide carried a vintage lantern and paced the walk comfortably.,TripAdvisor,Walking Tours,4,Gemini,1,30,0.004372197,0,HUMAN
The bicycle mechanic tuned up my road bike gears and replaced worn brake cables in twenty-four hours. Shifting feels crisp under pedal load and braking is firm. Good honest advice without trying to upsell unnecessary carbon components.,Yelp,Bike Shops,5,Gemini,1,38,0.09041315,0,HUMAN
"The chicken tikka masala was rich with creamy spiced gravy, and the garlic naan arrived hot with blistering from the tandoor oven. The dining room music was a little loud for dinner conversation, but the food quality was top tier.",Yelp,Indian,4,Gemini,1,40,0.009169258,0,HUMAN
The dry-aged ribeye steak was seared with a great crust and cooked to a flawless medium rare. The creamed spinach and truffle mashed potatoes complemented the meat perfectly. Excellent anniversary dinner.,Yelp,Steakhouses,5,Gemini,1,32,0.009352859,0,HUMAN
The barber shop gave my son a sharp fade and styled his hair nicely. Clean shop with friendly banter and vintage soul music playing. Booking online appointments made the visit hassle-free.,Yelp,Barbershops,4,Gemini,1,32,0.015640888,0,HUMAN
"The city center hotel elevators were broken all weekend, forcing guests to carry heavy suitcases down six flights of narrow stairs to check out. No staff offered assistance and management provided no apology.",TripAdvisor,Hotels,1,Gemini,1,33,0.020077873,0,HUMAN
"The hotel room key cards demagnetized three times during our two-night stay, requiring trips down to the lobby each time after returning from dinner. Room was otherwise clean and bed was comfortable.",TripAdvisor,Hotels,3,Gemini,1,33,0.022536434,0,HUMAN
"Ordered the carnitas tacos and a side of guacamole. The carnitas meat was tender with crispy edges, and the salsa verde had authentic habanero heat. The outdoor patio was a bit noisy from street traffic, but the food quality made up for it.",Yelp,Mexican Restaurants,4,Gemini,1,43,0.06345351,0,HUMAN
"Our resort room smelled of damp mildew and the air conditioning unit blew lukewarm air in ninety-degree heat. Front desk promised to send maintenance three times, but nobody ever showed up. We checked out a day early.",TripAdvisor,Resorts,1,Gemini,1,38,0.38067687,0,HUMAN
The luxury resort check-in was seamless with sparkling wine greetings and immediate luggage escort to our suite. The private beachfront cabanas and attentive attendant service made our anniversary trip unforgettable.,TripAdvisor,Resorts,5,Gemini,1,31,0.06539113,0,HUMAN
"The hardware store has a solid inventory of plumbing and garden tools. Prices are slightly higher than big-box stores, but the staff was available to point me to the right aisle.",Yelp,Hardware Stores,3,Gemini,1,32,0.03495411,0,HUMAN
"The video streaming client buffers constantly even on high-speed fiber Wi-Fi connections, and subtitle text displays out of sync with actor dialogue on foreign films. App menu crashes frequently.",GooglePlay,Entertainment,1,Gemini,1,31,0.01632114,0,HUMAN
The budget motel smelled heavily of stale cigarette smoke despite being advertised as a 100% non-smoking property. The mini-fridge in the corner vibrated loudly throughout the night and the door deadbolt felt loose.,TripAdvisor,Motels,1,Gemini,1,35,0.014369431,0,HUMAN
"The transmission repair shop quoted me nine hundred dollars over the phone, but when I arrived to pick up my truck, they presented an invoice for eighteen hundred dollars with unexpected diagnostic and labor surcharge fees. Total lack of transparency.",Yelp,Auto Repair,1,Gemini,1,40,0.6053326,1,AI
"The dry cleaner removed a stubborn red wine mark from my cotton tablecloth without fading the fabric pattern. Garments were ready on the promised date, neatly bagged on wire hangers.",Yelp,Dry Cleaning,4,Gemini,1,30,0.009340687,0,HUMAN
"Booked a deep tissue massage for shoulder pain. The therapist arrived twenty minutes late, took two personal phone calls during the session, and used almost no pressure. Total waste of money.",Yelp,Massage Therapy,1,Gemini,1,31,0.04815542,0,HUMAN
"The wireless doorbell transmitter dropped its signal to the indoor chime chime unit after two weeks, even though the front gate is only forty feet away with direct line of sight. Replacing the coin battery did not resolve the intermittent disconnection.",Amazon,Electronics,1,Gemini,1,41,0.014401599,0,HUMAN
The minimalist widget on the home screen makes checking off daily habits effortless. I appreciate that there are no intrusive full-screen video ads popping up between screens. It would be nice to have an automatic cloud backup option to Google Drive though.,GooglePlay,Productivity,4,Gemini,1,43,0.3999425,0,HUMAN
"The outdoor orchid greenhouse was stunning and very well maintained, but the walking paths were quite crowded on Saturday morning. The signage explaining the native tree species could use an update since several markers were faded, but overall it was a pleasant two hours outdoors with family.",TripAdvisor,Tourist Attractions,4,Gemini,1,47,0.11278433,0,HUMAN
"Exceptional stay at this boutique historic hotel! Our suite had high timber-beamed ceilings, plush bedding, and panoramic views of the old city square. The concierge team gave impeccable dinner recommendations.",TripAdvisor,Hotels,5,Gemini,1,31,0.21967681,0,HUMAN
The sleep tracking audio recorder captures snoring spikes and nocturnal coughing accurately. The smart morning alarm window gradually wakes you up during light sleep phases with gentle acoustic chime tones.,GooglePlay,Lifestyle,4,Gemini,1,30,0.0040625506,0,HUMAN
"The aviation museum features an impressive hangar of restored vintage warbirds and experimental jets. The volunteer docents, many of them former pilots, shared firsthand technical stories that brought exhibits to life.",TripAdvisor,Museums,5,Gemini,1,31,0.0328955,0,HUMAN
"The pepperoni pizza crust had good chew and wood-fired char. The tomato sauce was slightly acidic for my taste, but the craft beer selection on tap made up for it.",Yelp,Pizza,3,Gemini,1,31,0.023596333,0,HUMAN
"The wood-fired sourdough pizza had wonderful blistered crust and tangy house sauce, though the dining room music was so loud we had to shout across our small table. Service was friendly and quick.",Yelp,Pizza,4,Gemini,1,34,0.016663264,0,HUMAN
The LED desk lamp offers five brightness levels and color temperature options that are easy on the eyes during late night studying. The USB charging port on the base charges phones slowly though.,Amazon,Lighting,4,Gemini,1,33,0.003072259,0,HUMAN
"This manual coffee burr grinder produces uniform medium grinds for drip coffee. It takes about two minutes of steady hand cranking for a single cup, which is fine for weekends.",Amazon,Coffee Accessories,3,Gemini,1,30,0.0072584953,0,HUMAN
The historic cathedral choir organ performance on Sunday afternoon was breathtaking. The soaring vaulted ceilings created incredible acoustics. Admission was free with a suggested donation for church preservation. Modest dress required for entry.,TripAdvisor,Landmarks,5,Gemini,1,33,0.05193888,0,HUMAN
"The barber listened carefully to how I wanted my beard trimmed and blended the fade seamlessly into my sideburns. Hot towel treatment at the end was relaxing and the shop has a clean, classic atmosphere with vintage soul music playing.",Yelp,Barbershops,5,Gemini,1,40,0.20493619,0,HUMAN
The coffee is robust with good roasted notes and the cafe seating has decent light. It gets crowded around 10 AM and finding an open power outlet for laptops can be tricky.,Yelp,Cafes,3,Gemini,1,32,0.018375974,0,HUMAN
"The wireless weather station outdoor sensor loses connection during light rainstorms. The indoor base station display is crisp and displays barometric pressure accurately, but having to re-pair the remote thermometer twice a week defeats the whole purpose.",Amazon,Home & Kitchen,2,Gemini,1,38,0.015466616,0,HUMAN
Our desert luxury casita had a private plunge pool and an outdoor fire pit overlooking the red rock canyon. Stargazing under pristine dark skies with zero light pollution was an unforgettable experience.,TripAdvisor,Resorts,5,Gemini,1,32,0.03699168,0,HUMAN
"These wireless gaming headphones have clear spatial surround audio for footsteps, but the boom mic picks up background keyboard clicking too aggressively unless you manually tweak gain settings in third-party software.",Amazon,Video Games,4,Gemini,1,32,0.0052154954,0,HUMAN
The historic ghost walking tour through the old quarter was entertaining with theatrical storytelling and local folklore. The guide carried a lantern and navigated dark cobblestone alleys smoothly. Great evening activity for teens and adults.,TripAdvisor,Tours,4,Gemini,1,35,0.023234174,0,HUMAN
"The farm-to-table lunch spot serves great roasted vegetable grain bowls with lemon tahini dressing. Fresh ingredients and generous portions, though parking in the plaza lot is tight during peak noon.",Yelp,Cafes,4,Gemini,1,32,0.011697977,0,HUMAN
"The grocery list generator organizes items neatly by supermarket aisle, which saves real time when shopping. However, the recipe scaling feature sometimes calculates fractional measurements weirdly, like asking for 0.33 cans of diced tomatoes.",GooglePlay,Food & Drink,4,Gemini,1,35,0.04189211,0,HUMAN
The dry cleaner managed to remove a dark grease stain from my silk blouse without damaging the delicate weave. They finished the garment a day ahead of schedule and sent a convenient pickup text.,Yelp,Dry Cleaning,5,Gemini,1,34,0.016871434,0,HUMAN
"This cast iron skillet came evenly pre-seasoned and ready for searing steaks. It distributes heat uniformly on my gas range without hot spots. It is quite heavy to lift with one hand, so the helper handle on the opposite side is essential.",Amazon,Kitchen,5,Gemini,1,43,0.3856485,0,HUMAN
"The hiking daypack has well-ventilated back padding and comfortable shoulder straps, but the side mesh water bottle pockets are too shallow to hold a standard one-liter bottle securely while bending.",Amazon,Outdoor Recreation,3,Gemini,1,32,0.0033713481,0,HUMAN
"The replacement laptop battery held about three hours of charge for the first fortnight, but now discharges from forty percent to zero in under five minutes. My laptop diagnostic tool flagged a failing cell already.",Amazon,Computers,1,Gemini,1,35,0.07297571,0,HUMAN
"The burger patty was seasoned well and cooked to a true medium rare, and the truffle parmesan fries were hot and crispy. Craft milkshake was rich, though our outdoor table was wobbly and rocked back and forth throughout our meal.",Yelp,Burgers,4,Gemini,1,40,0.01912147,0,HUMAN
The car wash left greasy streaks across my front windshield and the automated tire shine applicator splashed black residue down the side panels of my white sedan. Vacuum hoses in the self-service bay had weak suction and clogged nozzles.,Yelp,Car Wash,2,Gemini,1,40,0.029668856,0,HUMAN
The boutique hotel in the historic district had spacious rooms with hardwood floors and comfortable beds. Front desk staff gave helpful walking directions. The breakfast pastries were fresh and tasty.,TripAdvisor,Hotels,4,Gemini,1,30,0.008595602,0,HUMAN
The planetarium dome show had sharp 8K digital projection and an engaging astronomy narrative about deep space nebulas. The reclined seating was comfortable with ample legroom. Great rainy day educational activity.,TripAdvisor,Planetariums,5,Gemini,1,31,0.036957517,0,HUMAN
"The dim sum restaurant serves hot har gow with plump shrimp and crispy fried turnip cakes. Service is fast and efficient from the carts, though weekend noon crowds mean a thirty-minute wait.",Yelp,Dim Sum,4,Gemini,1,33,0.011506149,0,HUMAN
"The diner served us lukewarm coffee in chipped mugs, and the breakfast omelet was swimming in pool of grease with raw bell peppers. Our server never checked on our table once.",Yelp,Diners,1,Gemini,1,31,0.055891566,0,HUMAN
"Our plumber arrived within the scheduled two-hour window, quickly located the source of our under-sink disposal leak, and replaced the worn rubber gasket in under thirty minutes. Left the under-sink cabinet clean and dry. Upfront flat pricing with no hidden travel fees.",Yelp,Plumbing,5,Gemini,1,45,0.057442218,0,HUMAN
"The airport transit hotel room was functional for an eight-hour layover. Bed was firm, soundproofing blocked runway jet noise effectively, and the free terminal shuttle bus ran punctually every fifteen minutes. Perfect for brief travel stops.",TripAdvisor,Hotels,4,Gemini,1,37,0.08368146,0,HUMAN
"The cliffside lighthouse observation deck was closed due to high winds without notice on their website, though we were still charged full general admission to walk around the exterior keeper grounds. Restrooms near the parking area were out of soap.",TripAdvisor,Lighthouses,2,Gemini,1,40,0.06548491,0,HUMAN
These silicone food storage bags stand upright for easy filling and seal tightly enough to hold liquid soups in the freezer without leaking. Washing the interior corners thoroughly requires a bottle brush.,Amazon,Kitchen & Dining,4,Gemini,1,32,0.01273031,0,HUMAN
The document scanner app crashes every time you attempt to scan a second page. It deleted three hours of unbacked receipts and forces full-screen video ads on every button tap.,GooglePlay,Productivity,1,Gemini,1,31,0.029045135,0,HUMAN
"The salon receptionist double-booked my massage therapist, so I was made to wait thirty minutes in the lobby only to receive a shortened forty-minute session while still being charged the full sixty-minute rate at checkout.",Yelp,Day Spas,1,Gemini,1,38,0.011717817,0,HUMAN
Ordered a custom birthday cake with strawberry buttercream frosting. The cake sponge was moist and the piping decoration matched the reference photo I emailed them perfectly. Everyone at the party complimented the flavor. Will definitely order future celebration cakes from here.,Yelp,Custom Cakes,5,Gemini,1,41,0.18290855,0,HUMAN
The plant identification camera tool correctly recognized my outdoor garden perennials from leaf photos. It provides helpful watering schedules and common pest treatment advice. Free tier allows five scans daily.,GooglePlay,House & Home,4,Gemini,1,30,0.10732861,0,HUMAN
"The nail salon was chaotic and dirty. The technician used metal tools directly from a tabletop drawer instead of a sanitized pouch, and the gel polish peeled completely off three fingernails the next morning.",Yelp,Nail Salons,1,Gemini,1,34,0.0062005282,0,HUMAN
"The magnetic spice jars cling firmly to the side of our refrigerator, freeing up valuable cabinet shelf space. The shaker lids have two opening sizes for sprinkling and pouring, though refilling fine powders can be messy without a small funnel.",Amazon,Kitchen Organization,4,Gemini,1,40,0.19751358,0,HUMAN
The hotel swimming pool water was freezing and murky with floating leaves that were never skimmed. The poolside towel cart was empty all weekend and several plastic lounge chairs had broken adjustment brackets.,TripAdvisor,Hotels,1,Gemini,1,33,0.0079714805,0,HUMAN
"This compact binoculars pair offers crisp optical clarity and smooth center focus adjustment during birdwatching walks. Compact enough to slip into a jacket pocket, though the rubber lens caps tend to pop off easily.",Amazon,Optics,4,Gemini,1,34,0.009247247,0,HUMAN
"The botanical Japanese gardens are a tranquil masterpiece with manicured bonsai pines, authentic stone lanterns, and arched bridges over koi ponds. A peaceful sanctuary in the heart of the city.",TripAdvisor,Gardens,5,Gemini,1,30,0.010324015,0,HUMAN
"The stainless steel French press looks sleek and keeps coffee warm, but the plunger mesh allows a noticeable amount of fine silt into the cup. The glass beaker also feels fragile.",Amazon,Coffee Makers,2,Gemini,1,31,0.0035597696,0,HUMAN
"The bowling alley lanes were clean and scoring screens worked fine, but shoe rentals smelled damp and several bowling balls had chipped finger holes. Arcade games in the lobby had multiple out-of-order coin slots.",Yelp,Bowling,3,Gemini,1,36,0.008720823,0,HUMAN
The craft beer taproom has a great rotation of local IPAs and stouts. The outdoor beer garden has picnic tables and strings of lights. Food options are limited to food trucks parked outside.,Yelp,Breweries,4,Gemini,1,33,0.0023636746,0,HUMAN
The self-serve frozen yogurt machines had several empty flavor levers and the topping bar was messy with spilled gummy bears and crushed cookies everywhere. Counter cashier was staring at their phone and didn't greet customers.,Yelp,Desserts,2,Gemini,1,37,0.019079352,0,HUMAN
"The historic submarine tour was fascinating, but the interior corridors are extremely tight and narrow, so definitely skip that part if you get claustrophobic. The main naval artifacts hall had informative audio guides and great interactive exhibits for children.",TripAdvisor,Museums,4,Gemini,1,39,0.13150422,0,HUMAN
The veterinary care team treated our elderly dog with exceptional warmth and expertise. The doctor gave clear guidance on arthritis management and staff followed up the next day to check on his comfort.,Yelp,Veterinarians,5,Gemini,1,33,0.027557136,0,HUMAN
"The electric kettle boils water fast, but the exterior metal housing becomes scalding hot to the touch and the auto-shutoff switch takes too long to trip after boiling starts.",Amazon,Small Appliances,2,Gemini,1,30,0.0007679658,0,HUMAN
