feature,Gemini_vs_Human_z,Gemini_vs_AI_z,closer_to,distance_difference
punctuation_count,1.0149224,1.7425894,Human,0.727667
word_count,0.98526496,1.6767882,Human,0.69152325
character_count,0.86949754,1.5524093,Human,0.68291175
sentence_count,1.0217062,1.5956565,Human,0.5739503
stopword_ratio,0.60275143,1.1099857,Human,0.5072343
comma_count,0.7221442,1.2293079,Human,0.5071637
first_person_ratio,0.9665298,1.450717,Human,0.4841872
long_word_ratio,1.1503575,0.7526464,AI,-0.3977111
third_person_ratio,0.8838792,1.271383,Human,0.38750386
digit_ratio,0.55441433,0.21266446,AI,-0.34174988
short_word_ratio,1.0073377,1.3328168,Human,0.32547915
repeated_word_ratio,1.4548066,1.7651826,Human,0.31037605
vocabulary_richness,1.4549439,1.7651349,Human,0.31019104
exclamation_count,0.4690724,0.77202773,Human,0.30295533
period_count,0.7778916,1.0780805,Human,0.30018896
digit_count,0.60244054,0.36652488,AI,-0.23591566
avg_sentence_length,0.23522176,0.018011097,AI,-0.21721067
uppercase_ratio,0.46058944,0.281201,AI,-0.17938843
punctuation_ratio,1.1675099,1.3220825,Human,0.1545726
question_count,0.26729152,0.13489519,AI,-0.13239633
second_person_ratio,0.5170969,0.41469255,AI,-0.102404326
sentence_length_std,0.7052741,0.60502076,AI,-0.10025334
avg_chars_per_word,1.4571712,1.3619696,AI,-0.09520161
avg_word_length,1.595263,1.5447865,AI,-0.05047655
