feature,gini_importance,permutation_importance,permutation_std
uppercase_ratio,0.49550043472915667,0.4769887466045789,0.003291782702436706
word_count,0.03182761527504127,0.0,0.0
character_count,0.06273595441399278,0.0,0.0
sentence_count,0.03236738578350725,0.0,0.0
avg_sentence_length,0.02048771608295775,0.0,0.0
sentence_length_std,0.005447794207957341,0.0,0.0
vocabulary_richness,0.022952237916064315,0.0,0.0
avg_word_length,0.01709586602343931,0.0,0.0
repeated_word_ratio,0.028314462874017607,0.0,0.0
punctuation_count,0.08141572406150893,0.0,0.0
comma_count,0.052944394012137665,0.0,0.0
punctuation_ratio,0.006653471388213408,0.0,0.0
question_count,0.00019471856951488455,0.0,0.0
exclamation_count,0.006293830275848574,0.0,0.0
digit_count,0.002232314477195614,0.0,0.0
period_count,0.019179041690946932,0.0,0.0
digit_ratio,0.002078310775254186,0.0,0.0
stopword_ratio,0.025486557285870074,0.0,0.0
long_word_ratio,0.009513456656740997,0.0,0.0
short_word_ratio,0.021462991028029968,0.0,0.0
first_person_ratio,0.02964876508509413,0.0,0.0
second_person_ratio,0.0011980504583970716,0.0,0.0
third_person_ratio,0.0008565065491652582,0.0,0.0
avg_chars_per_word,0.024112400379947992,0.0,0.0
